Workbook

Sheet Turns
A1: Request | B1: Turn | C1: Sequence | D1: Tokens | E1: EUR / execution | F1: USD / execution | G1: Projected EUR | H1: Projected USD | I1: Content | J1: Model · effort | K1: Status | L1: Context total tokens | M1: Span ID
C2: Run total | E2: =IF(COUNT('Turns'!E16,'Turns'!E31,'Turns'!E44,'Turns'!E59,'Turns'!E74,'Turns'!E86,'Turns'!E101,'Turns'!E116,'Turns'!E128,'Turns'!E143,'Turns'!E158,'Turns'!E169,'Turns'!E184,'Turns'!E199,'Turns'!E212,'Turns'!E227,'Turns'!E242,'Turns'!E257,'Turns'!E269,'Turns'!E281,'Turns'!E296,'Turns'!E311,'Turns'!E326,'Turns'!E337,'Turns'!E352,'Turns'!E367,'Turns'!E382,'Turns'!E394,'Turns'!E409,'Turns'!E424,'Turns'!E439,'Turns'!E453,'Turns'!E468,'Turns'!E480,'Turns'!E495,'Turns'!E507,'Turns'!E522,'Turns'!E537,'Turns'!E552,'Turns'!E563,'Turns'!E578,'Turns'!E593,'Turns'!E608,'Turns'!E620,'Turns'!E635,'Turns'!E650,'Turns'!E664,'Turns'!E676)=48,SUM('Turns'!E16,'Turns'!E31,'Turns'!E44,'Turns'!E59,'Turns'!E74,'Turns'!E86,'Turns'!E101,'Turns'!E116,'Turns'!E128,'Turns'!E143,'Turns'!E158,'Turns'!E169,'Turns'!E184,'Turns'!E199,'Turns'!E212,'Turns'!E227,'Turns'!E242,'Turns'!E257,'Turns'!E269,'Turns'!E281,'Turns'!E296,'Turns'!E311,'Turns'!E326,'Turns'!E337,'Turns'!E352,'Turns'!E367,'Turns'!E382,'Turns'!E394,'Turns'!E409,'Turns'!E424,'Turns'!E439,'Turns'!E453,'Turns'!E468,'Turns'!E480,'Turns'!E495,'Turns'!E507,'Turns'!E522,'Turns'!E537,'Turns'!E552,'Turns'!E563,'Turns'!E578,'Turns'!E593,'Turns'!E608,'Turns'!E620,'Turns'!E635,'Turns'!E650,'Turns'!E664,'Turns'!E676),"Unknown") -> 0.043677332 | F2: =IF(COUNT('Turns'!F16,'Turns'!F31,'Turns'!F44,'Turns'!F59,'Turns'!F74,'Turns'!F86,'Turns'!F101,'Turns'!F116,'Turns'!F128,'Turns'!F143,'Turns'!F158,'Turns'!F169,'Turns'!F184,'Turns'!F199,'Turns'!F212,'Turns'!F227,'Turns'!F242,'Turns'!F257,'Turns'!F269,'Turns'!F281,'Turns'!F296,'Turns'!F311,'Turns'!F326,'Turns'!F337,'Turns'!F352,'Turns'!F367,'Turns'!F382,'Turns'!F394,'Turns'!F409,'Turns'!F424,'Turns'!F439,'Turns'!F453,'Turns'!F468,'Turns'!F480,'Turns'!F495,'Turns'!F507,'Turns'!F522,'Turns'!F537,'Turns'!F552,'Turns'!F563,'Turns'!F578,'Turns'!F593,'Turns'!F608,'Turns'!F620,'Turns'!F635,'Turns'!F650,'Turns'!F664,'Turns'!F676)=48,SUM('Turns'!F16,'Turns'!F31,'Turns'!F44,'Turns'!F59,'Turns'!F74,'Turns'!F86,'Turns'!F101,'Turns'!F116,'Turns'!F128,'Turns'!F143,'Turns'!F158,'Turns'!F169,'Turns'!F184,'Turns'!F199,'Turns'!F212,'Turns'!F227,'Turns'!F242,'Turns'!F257,'Turns'!F269,'Turns'!F281,'Turns'!F296,'Turns'!F311,'Turns'!F326,'Turns'!F337,'Turns'!F352,'Turns'!F367,'Turns'!F382,'Turns'!F394,'Turns'!F409,'Turns'!F424,'Turns'!F439,'Turns'!F453,'Turns'!F468,'Turns'!F480,'Turns'!F495,'Turns'!F507,'Turns'!F522,'Turns'!F537,'Turns'!F552,'Turns'!F563,'Turns'!F578,'Turns'!F593,'Turns'!F608,'Turns'!F620,'Turns'!F635,'Turns'!F650,'Turns'!F664,'Turns'!F676),"Unknown") -> 0.049648 | G2: =IF(ISNUMBER(E2),ROUND(E2*'Reference data'!$B$2,0),"Unknown") -> 4368 | H2: =IF(ISNUMBER(F2),ROUND(F2*'Reference data'!$B$2,0),"Unknown") -> 4965
B3: 1 | C3: Turn 1 | E3: =IF(COUNT('Turns'!E16,'Turns'!E31,'Turns'!E44,'Turns'!E59,'Turns'!E74,'Turns'!E86,'Turns'!E101,'Turns'!E116,'Turns'!E128,'Turns'!E143,'Turns'!E158,'Turns'!E169,'Turns'!E184,'Turns'!E199,'Turns'!E212,'Turns'!E227,'Turns'!E242,'Turns'!E257,'Turns'!E269,'Turns'!E281,'Turns'!E296,'Turns'!E311,'Turns'!E326,'Turns'!E337,'Turns'!E352,'Turns'!E367,'Turns'!E382,'Turns'!E394,'Turns'!E409,'Turns'!E424,'Turns'!E439)=31,SUM('Turns'!E16,'Turns'!E31,'Turns'!E44,'Turns'!E59,'Turns'!E74,'Turns'!E86,'Turns'!E101,'Turns'!E116,'Turns'!E128,'Turns'!E143,'Turns'!E158,'Turns'!E169,'Turns'!E184,'Turns'!E199,'Turns'!E212,'Turns'!E227,'Turns'!E242,'Turns'!E257,'Turns'!E269,'Turns'!E281,'Turns'!E296,'Turns'!E311,'Turns'!E326,'Turns'!E337,'Turns'!E352,'Turns'!E367,'Turns'!E382,'Turns'!E394,'Turns'!E409,'Turns'!E424,'Turns'!E439),"Unknown") -> 0.028328508 | F3: =IF(COUNT('Turns'!F16,'Turns'!F31,'Turns'!F44,'Turns'!F59,'Turns'!F74,'Turns'!F86,'Turns'!F101,'Turns'!F116,'Turns'!F128,'Turns'!F143,'Turns'!F158,'Turns'!F169,'Turns'!F184,'Turns'!F199,'Turns'!F212,'Turns'!F227,'Turns'!F242,'Turns'!F257,'Turns'!F269,'Turns'!F281,'Turns'!F296,'Turns'!F311,'Turns'!F326,'Turns'!F337,'Turns'!F352,'Turns'!F367,'Turns'!F382,'Turns'!F394,'Turns'!F409,'Turns'!F424,'Turns'!F439)=31,SUM('Turns'!F16,'Turns'!F31,'Turns'!F44,'Turns'!F59,'Turns'!F74,'Turns'!F86,'Turns'!F101,'Turns'!F116,'Turns'!F128,'Turns'!F143,'Turns'!F158,'Turns'!F169,'Turns'!F184,'Turns'!F199,'Turns'!F212,'Turns'!F227,'Turns'!F242,'Turns'!F257,'Turns'!F269,'Turns'!F281,'Turns'!F296,'Turns'!F311,'Turns'!F326,'Turns'!F337,'Turns'!F352,'Turns'!F367,'Turns'!F382,'Turns'!F394,'Turns'!F409,'Turns'!F424,'Turns'!F439),"Unknown") -> 0.032201 | G3: =IF(ISNUMBER(E3),ROUND(E3*'Reference data'!$B$2,0),"Unknown") -> 2833 | H3: =IF(ISNUMBER(F3),ROUND(F3*'Reference data'!$B$2,0),"Unknown") -> 3220
A4: R1 | B4: 1 | C4: LLM request | D4: 3426 | J4: scripted-chat | M4: 01a11680-ba2a-7ed1-921e-253b3a50ca31
A5: R1 | B5: 1 | C5: Input at standard rate | D5: 3426 | E5: =IF(AND(ISNUMBER(F5),ISNUMBER('Reference data'!$B$3)),F5*'Reference data'!$B$3,"Unknown") -> 0.00060279785 | F5: =IF(D5=0,0,IF(ISNUMBER('Reference data'!B22),D5*'Reference data'!B22/1000000,"Unknown")) -> 0.0006852 | G5: =IF(ISNUMBER(E5),ROUND(E5*'Reference data'!$B$2,0),"Unknown") -> 60 | H5: =IF(ISNUMBER(F5),ROUND(F5*'Reference data'!$B$2,0),"Unknown") -> 69
A6: R1 | B6: 1 | C6: Tool definitions | D6: 848
A7: R1 | B7: 1 | C7: System prompt | D7: 1387 | I7: You are the planner. You own only /plan.md; never implement or repair code or tests. The only implementation paths are /slug.py and /test_slug.py; the public function is slugify imported from slug. The workflow automatically executes /test_slug.py after each worker invocation and supplies test_execution evidence before review. On the initial planning invocation, read an existing plan if present, then create or extend an ordered plan of concrete implementation steps with stable task IDs, acceptance criteria, and pending status. Review and closeout are part of EVERY implementation step, never separate plan tasks. NEVER assign source review, cross-file review, approval, verification-only work, or closeout to the worker. The independent reviewer node already handles those checks for each implementation step. For the initial slug request, plan two implementation steps: implement the function, then write its tests. For a follow-up request, add only the concrete requested code/test changes. Preserve earlier evidence. Assign exactly ONE pending task to the worker, then stop. On an approved-step invocation, update ONLY the named approved task to complete using the supplied reviewer evidence, reread /plan.md, then assign the next pending task or finish. Do not mark a task complete on worker claims, your own inspection, or a summary. Only the workflow-supplied approval authorizes that update. Never repair a rejected task yourself. Your final response must be a JSON object with action (work or finish), task_id (the next task ID, or empty when finishing), files (an array of writable paths for this task chosen from /slug.py and /test_slug.py, empty when finishing), and message (a self-contained assignment including acceptance criteria, or final report). No Markdown fences. A work response must name exactly one task. Include the observed test count, exit status and independent review outcome in the plan and final report; never substitute written tests for execution evidence. Sample practices: # Coding practices for a small Python change This guidance is part of the context-budget sample. It is deliberately self-contained: no external skill, service, repository-specific command, or server is required. Apply it to the local exercise described in the plan. The plan is the durable coordination record; conversation text is transient. ## Establish the task Read the current plan before choosing work. Identify the requested behavior, the intended user, inputs and outputs, file ownership, and acceptance criteria. Separate requirements from implementation guesses. If a task cannot be completed because information is missing, record the exact gap in the plan rather than silently inventing a contract. Prefer a small explicit contract over speculative flexibility. Make names describe responsibilities and avoid adding an abstraction that has only one use. If prior tasks changed the plan, use its latest on-disk version, not an older summary of it. ## Design before editing For each task, describe the observable before and after behavior. List one or two representative examples and the most important edge cases. Decide where input validation belongs and what should happen for invalid values. Choose deterministic behavior that can be checked without external services. Keep the public function small and place supporting logic near it. Avoid hidden state and avoid catching errors so broadly that a failed edit looks successful. Do not make a safety claim that the code cannot enforce. ## Implement in small verified steps Read the existing file before editing it. Change only the files named by the plan. Preserve content outside the task. When creating code, include a plain-language file header stating purpose, responsibilities, assumptions, AI assistance, and copyright. Explain non-obvious control flow and why a particular branch exists. Comments should clarify intent, not repeat syntax. After each tool result, check whether the operation succeeded before recording progress. If an edit fails or replaces the wrong string, stop and repair that step. Never record a task as complete simply because a tool was called. ## Tests and evidence Write tests for external behavior, important boundaries, and regressions the task is meant to prevent. Do not write a test that only copies the implementation's branching. A test should distinguish a plausible bug from correct behavior. Keep test data readable. After each worker handoff the workflow runs /test_slug.py with standard-library unittest. Use the supplied test_execution receipt, including failures, when reporting verification; never substitute a code review for execution evidence. A reviewer may inspect coverage and syntax, but a review report is not a passing test result. ## Plan maintenance The planner marks a task complete only after the independent reviewer approves that task's current files. An existing artifact alone is not approval. The worker reports concrete tool outcomes but does not edit the plan. The planner uses a narrow replacement that preserves other tasks, with concise evidence such as the created file, test name, or reviewer finding. Read the plan again after every status edit, even if the edit succeeded, so the next decision uses the current document. Keep a pending, complete, or blocked status for every task. Record uncertainty under the relevant task instead of hiding it in a final answer. If the reviewer requests changes, the same task stays incomplete. The worker repairs it and the reviewer checks the new version before the planner records completion. ## Handoff and review The planner supplies a self-contained task assignment: the plan path, code paths, intended behavior, and acceptance criteria. The workflow forwards that assignment to the reviewer after the worker returns. The reviewer starts with an isolated context and has no access to this conversation. Ask for source-backed findings with severity and uncertainty. The workflow delivers the independent verdict. A rejection returns the same task to the worker. Approval lets the planner record completion and reread the plan before assigning another task. Report only what the visible evidence supports. ## Context limits Large instructions, file reads, tool schemas, and tool results consume context. Use compaction to preserve durable decisions and current task state when earlier conversation is summarized. The on-disk plan remains authoritative; after compaction, reread it before the next task. Do not infer that a summary retains every line of a file. When a read is truncated, request the missing section. Keep final messages concise enough to show the task status, verification level, and next action without duplicating the entire plan. Role ownership survives compaction: only the worker edits source/tests, only the reviewer issues approval, and only the planner updates plan status. The current workflow assignment and verdict override incomplete history summaries. Authoritative current workflow operation; do ONLY this operation, even if a history summary suggests later work: {"operation": "plan", "instruction": "Prepare pending steps for the latest user request; assign one. Do not record completion."}
A8: R1 | B8: 1 | C8: User prompt | D8: 50 | I8: {"operation": "plan", "instruction": "Prepare pending steps for the latest user request; assign one. Do not record completion."}
A9: R1 | B9: 1 | C9: Cache write | D9: 3426
A10: R1 | B10: 1 | C10: Context · added / total | D10: 3426 | L10: 3426
A11: R1 | B11: 1 | C11: LLM response | D11: 773
A12: R1 | B12: 1 | C12: Output | D12: 773 | E12: =IF(AND(ISNUMBER(F12),ISNUMBER('Reference data'!$B$3)),F12*'Reference data'!$B$3,"Unknown") -> 0.00081604682 | F12: =IF(D12=0,0,IF(ISNUMBER('Reference data'!E22),D12*'Reference data'!E22/1000000,"Unknown")) -> 0.0009276 | G12: =IF(ISNUMBER(E12),ROUND(E12*'Reference data'!$B$2,0),"Unknown") -> 82 | H12: =IF(ISNUMBER(F12),ROUND(F12*'Reference data'!$B$2,0),"Unknown") -> 93
A13: R1 | B13: 1 | C13: Output content | I13: {"name": "write_file", "args": {"file_path": "/plan.md", "content": "# Slug utility delivery plan\n\nGoal: provide one deterministic Python function named slugify in /slug.py. It turns a title into a lowercase ASCII slug suitable for a local document name. The sample must demonstrate file-backed coordination and independent review, not a production packaging workflow. /test_slug.py contains focused unittest coverage. Each step follows worker implementation, independent approval, then planner completion before the next step starts.\n\nWorking agreement: every task has a stable ID. An edit changes only the named task status and evidence. Pending means no artifact is claimed. Complete means the current version was independently approved and the planner recorded that approval. Blocked means a concrete missing input or failed operation. A reviewer report is evidence of inspection, not evidence that tests executed. The reviewer has read-only access and a separate context; its assignment must include all paths and intended behavior. The planner retains ownership of the plan. The worker reports implementation evidence but does not edit the plan.\n\nDesign contract: accept a string title. Normalize accented Latin letters to their ASCII base where Unicode decomposition provides one. Convert to lowercase. Treat runs of punctuation and whitespace as a single hyphen. Strip leading and trailing hyphens. Empty or separator-only text returns an empty string. A non-string input raises TypeError with a clear message. Do not use network calls, environment configuration, or generated identifiers. Preserve deterministic output for the same input.\n\nImplementation notes: prefer unicodedata.normalize over a third-party transliteration package. Encode decomposed text as ASCII while dropping characters that have no ASCII form. Explain that limitation in a docstring because some scripts become empty. Use a regular expression for separator runs and make its pattern explicit. Keep the public function side-effect free. Avoid broad exception handlers and hidden fallback behavior. Include a purpose header, AI attribution, and the project copyright in each Python file.\n\nVerification agreement: tests use only Python's standard library unittest. They should verify a normal title, repeated whitespace and punctuation, accented Latin input, leading and trailing separators, empty input, and invalid type. Tests are source artifacts until a command actually executes them; the workflow runs /test_slug.py after each worker handoff and supplies its execution receipt to the reviewer. The final report must distinguish written tests from passing tests. Review findings should name a triggering example and the affected task.\n\nTask T1 \u2014 implement the public function. Status: pending. Acceptance: /slug.py exposes slugify; ordinary words become lowercase with one hyphen; accents with Latin decompositions lose marks; punctuation runs do not create repeated hyphens; non-string values fail visibly. Read the plan after recording completion.\n\nTask T2 \u2014 create focused tests. Status: pending. Acceptance: /test_slug.py imports slugify and uses unittest with examples for normal titles, spacing, punctuation, accents, empty input, and invalid input. The tests should distinguish a plausible broken implementation from the expected contract. Read the plan after recording completion.\n\nRisk notes: file reads may be paginated, so inspect the rest if a native read is truncated. A successful write does not prove behavior; it only proves content was saved. A summary may omit exact plan lines, so the current file controls status after compaction. If a tool reports an error, keep the task pending or blocked and explain why. Avoid broadening the task to packaging, CLI behavior, or external deployment. The intended learning is the relationship among plan state, conversation state, reviewer isolation, and context limits.\n"}, "id": "write_file-1", "type": "tool_call"}
A14: R1 | B14: 1 | C14: Cache write | D14: 773
A15: R1 | B15: 1 | C15: Context · added / total | D15: 773 | L15: 4199
A16: R1 | B16: 1 | C16: Call total | E16: =IF(COUNT('Turns'!E5,'Turns'!E12)=2,SUM('Turns'!E5,'Turns'!E12),"Unknown") -> 0.0014188447 | F16: =IF(COUNT('Turns'!F5,'Turns'!F12)=2,SUM('Turns'!F5,'Turns'!F12),"Unknown") -> 0.0016128 | G16: =IF(ISNUMBER(E16),ROUND(E16*'Reference data'!$B$2,0),"Unknown") -> 142 | H16: =IF(ISNUMBER(F16),ROUND(F16*'Reference data'!$B$2,0),"Unknown") -> 161 | K16: ok
B17: 1 | C17: Tool · write_file | K17: ok | M17: 01a11680-baca-7f12-92a5-0ac9dce287bb
B18: 1 | C18: Arguments | I18: {'file_path': '/plan.md', 'content': "# Slug utility delivery plan\n\nGoal: provide one deterministic Python function named slugify in /slug.py. It turns a title into a lowercase ASCII slug suitable for a local document name. The sample must demonstrate file-backed coordination and independent review, not a production packaging workflow. /test_slug.py contains focused unittest coverage. Each step follows worker implementation, independent approval, then planner completion before the next step starts.\n\nWorking agreement: every task has a stable ID. An edit changes only the named task status and evidence. Pending means no artifact is claimed. Complete means the current version was independently approved and the planner recorded that approval. Blocked means a concrete missing input or failed operation. A reviewer report is evidence of inspection, not evidence that tests executed. The reviewer has read-only access and a separate context; its assignment must include all paths and intended behavior. The planner retains ownership of the plan. The worker reports implementation evidence but does not edit the plan.\n\nDesign contract: accept a string title. Normalize accented Latin letters to their ASCII base where Unicode decomposition provides one. Convert to lowercase. Treat runs of punctuation and whitespace as a single hyphen. Strip leading and trailing hyphens. Empty or separator-only text returns an empty string. A non-string input raises TypeError with a clear message. Do not use network calls, environment configuration, or generated identifiers. Preserve deterministic output for the same input.\n\nImplementation notes: prefer unicodedata.normalize over a third-party transliteration package. Encode decomposed text as ASCII while dropping characters that have no ASCII form. Explain that limitation in a docstring because some scripts become empty. Use a regular expression for separator runs and make its pattern explicit. Keep the public function side-effect free. Avoid broad exception handlers and hidden fallback behavior. Include a purpose header, AI attribution, and the project copyright in each Python file.\n\nVerification agreement: tests use only Python's standard library unittest. They should verify a normal title, repeated whitespace and punctuation, accented Latin input, leading and trailing separators, empty input, and invalid type. Tests are source artifacts until a command actually executes them; the workflow runs /test_slug.py after each worker handoff and supplies its execution receipt to the reviewer. The final report must distinguish written tests from passing tests. Review findings should name a triggering example and the affected task.\n\nTask T1 — implement the public function. Status: pending. Acceptance: /slug.py exposes slugify; ordinary words become lowercase with one hyphen; accents with Latin decompositions lose marks; punctuation runs do not create repeated hyphens; non-string values fail visibly. Read the plan after recording completion.\n\nTask T2 — create focused tests. Status: pending. Acceptance: /test_slug.py imports slugify and uses unittest with examples for normal titles, spacing, punctuation, accents, empty input, and invalid input. The tests should distinguish a plausible broken implementation from the expected contract. Read the plan after recording completion.\n\nRisk notes: file reads may be paginated, so inspect the rest if a native read is truncated. A successful write does not prove behavior; it only proves content was saved. A summary may omit exact plan lines, so the current file controls status after compaction. If a tool reports an error, keep the task pending or blocked and explain why. Avoid broadening the task to packaging, CLI behavior, or external deployment. The intended learning is the relationship among plan state, conversation state, reviewer isolation, and context limits.\n"}
B19: 1 | C19: Result | I19: Updated file /plan.md
A20: R2 | B20: 1 | C20: LLM request | D20: 4232 | J20: scripted-chat | M20: 01a11680-bace-7ff1-8eda-cf49e5e80a45
A21: R2 | B21: 1 | C21: Conversation history · cache read | D21: 0 | E21: =IF(AND(ISNUMBER(F21),ISNUMBER('Reference data'!$B$3)),F21*'Reference data'!$B$3,"Unknown") -> 0 | F21: =IF(D21=0,0,IF(ISNUMBER('Reference data'!C22),D21*'Reference data'!C22/1000000,"Unknown")) -> 0 | G21: =IF(ISNUMBER(E21),ROUND(E21*'Reference data'!$B$2,0),"Unknown") -> 0 | H21: =IF(ISNUMBER(F21),ROUND(F21*'Reference data'!$B$2,0),"Unknown") -> 0
A22: R2 | B22: 1 | C22: Input at standard rate | D22: 4232 | E22: =IF(AND(ISNUMBER(F22),ISNUMBER('Reference data'!$B$3)),F22*'Reference data'!$B$3,"Unknown") -> 0.00074461194 | F22: =IF(D22=0,0,IF(ISNUMBER('Reference data'!B22),D22*'Reference data'!B22/1000000,"Unknown")) -> 0.0008464 | G22: =IF(ISNUMBER(E22),ROUND(E22*'Reference data'!$B$2,0),"Unknown") -> 74 | H22: =IF(ISNUMBER(F22),ROUND(F22*'Reference data'!$B$2,0),"Unknown") -> 85
A23: R2 | B23: 1 | C23: Tool result | D23: 33 | I23: Updated file /plan.md
A24: R2 | B24: 1 | C24: Cache write | D24: 4232
A25: R2 | B25: 1 | C25: Context · added / total | D25: 4232 | L25: 4232
A26: R2 | B26: 1 | C26: LLM response | D26: 73
A27: R2 | B27: 1 | C27: Output | D27: 73 | E27: =IF(AND(ISNUMBER(F27),ISNUMBER('Reference data'!$B$3)),F27*'Reference data'!$B$3,"Unknown") -> 7.7065224e-05 | F27: =IF(D27=0,0,IF(ISNUMBER('Reference data'!E22),D27*'Reference data'!E22/1000000,"Unknown")) -> 8.76e-05 | G27: =IF(ISNUMBER(E27),ROUND(E27*'Reference data'!$B$2,0),"Unknown") -> 8 | H27: =IF(ISNUMBER(F27),ROUND(F27*'Reference data'!$B$2,0),"Unknown") -> 9
A28: R2 | B28: 1 | C28: Output content | I28: {"action": "work", "task_id": "T1", "files": ["/slug.py"], "message": "Implement T1 only: write /slug.py according to /plan.md. Tests belong to the next step."}
A29: R2 | B29: 1 | C29: Cache write | D29: 73
A30: R2 | B30: 1 | C30: Context · added / total | D30: 73 | L30: 4305
A31: R2 | B31: 1 | C31: Call total | E31: =IF(COUNT('Turns'!E21,'Turns'!E22,'Turns'!E27)=3,SUM('Turns'!E21,'Turns'!E22,'Turns'!E27),"Unknown") -> 0.00082167716 | F31: =IF(COUNT('Turns'!F21,'Turns'!F22,'Turns'!F27)=3,SUM('Turns'!F21,'Turns'!F22,'Turns'!F27),"Unknown") -> 0.000934 | G31: =IF(ISNUMBER(E31),ROUND(E31*'Reference data'!$B$2,0),"Unknown") -> 82 | H31: =IF(ISNUMBER(F31),ROUND(F31*'Reference data'!$B$2,0),"Unknown") -> 93 | K31: ok
A32: R3 | B32: 1 | C32: LLM request | D32: 4285 | J32: scripted-chat | M32: 01a11680-bad9-7c43-bbf3-55eafafd586b
A33: R3 | B33: 1 | C33: Input at standard rate | D33: 4285 | E33: =IF(AND(ISNUMBER(F33),ISNUMBER('Reference data'!$B$3)),F33*'Reference data'!$B$3,"Unknown") -> 0.00075393718 | F33: =IF(D33=0,0,IF(ISNUMBER('Reference data'!B22),D33*'Reference data'!B22/1000000,"Unknown")) -> 0.000857 | G33: =IF(ISNUMBER(E33),ROUND(E33*'Reference data'!$B$2,0),"Unknown") -> 75 | H33: =IF(ISNUMBER(F33),ROUND(F33*'Reference data'!$B$2,0),"Unknown") -> 86
A34: R3 | B34: 1 | C34: Tool definitions | D34: 848
A35: R3 | B35: 1 | C35: System prompt | D35: 1273 | I35: You are the worker. Implement or repair ONLY the current task supplied by the workflow. Read /plan.md and relevant existing files first. You may write only /slug.py and /test_slug.py, never /plan.md. The function is slugify and tests import from slug. If review feedback is supplied, fix those findings for this same task; do not advance to another task. Check tool outcomes and return concrete evidence of your changes. Do not claim approval or task completion, and do not perform your own independent review. Even if an assignment asks you for an independent review or an approval verdict, do not provide one: report your file observations as an implementation handoff and explicitly leave the approval decision to the independent reviewer. Never label your response approve, approved, or independent review. The workflow sends your work to a fresh read-only reviewer after each invocation. The workflow automatically runs /test_slug.py after your handoff. Use supplied test_execution output to repair failures. Write standard-library unittest tests; do not request a shell tool or claim the next execution already passed. Stop after this task's changes and handoff. Sample practices: # Coding practices for a small Python change This guidance is part of the context-budget sample. It is deliberately self-contained: no external skill, service, repository-specific command, or server is required. Apply it to the local exercise described in the plan. The plan is the durable coordination record; conversation text is transient. ## Establish the task Read the current plan before choosing work. Identify the requested behavior, the intended user, inputs and outputs, file ownership, and acceptance criteria. Separate requirements from implementation guesses. If a task cannot be completed because information is missing, record the exact gap in the plan rather than silently inventing a contract. Prefer a small explicit contract over speculative flexibility. Make names describe responsibilities and avoid adding an abstraction that has only one use. If prior tasks changed the plan, use its latest on-disk version, not an older summary of it. ## Design before editing For each task, describe the observable before and after behavior. List one or two representative examples and the most important edge cases. Decide where input validation belongs and what should happen for invalid values. Choose deterministic behavior that can be checked without external services. Keep the public function small and place supporting logic near it. Avoid hidden state and avoid catching errors so broadly that a failed edit looks successful. Do not make a safety claim that the code cannot enforce. ## Implement in small verified steps Read the existing file before editing it. Change only the files named by the plan. Preserve content outside the task. When creating code, include a plain-language file header stating purpose, responsibilities, assumptions, AI assistance, and copyright. Explain non-obvious control flow and why a particular branch exists. Comments should clarify intent, not repeat syntax. After each tool result, check whether the operation succeeded before recording progress. If an edit fails or replaces the wrong string, stop and repair that step. Never record a task as complete simply because a tool was called. ## Tests and evidence Write tests for external behavior, important boundaries, and regressions the task is meant to prevent. Do not write a test that only copies the implementation's branching. A test should distinguish a plausible bug from correct behavior. Keep test data readable. After each worker handoff the workflow runs /test_slug.py with standard-library unittest. Use the supplied test_execution receipt, including failures, when reporting verification; never substitute a code review for execution evidence. A reviewer may inspect coverage and syntax, but a review report is not a passing test result. ## Plan maintenance The planner marks a task complete only after the independent reviewer approves that task's current files. An existing artifact alone is not approval. The worker reports concrete tool outcomes but does not edit the plan. The planner uses a narrow replacement that preserves other tasks, with concise evidence such as the created file, test name, or reviewer finding. Read the plan again after every status edit, even if the edit succeeded, so the next decision uses the current document. Keep a pending, complete, or blocked status for every task. Record uncertainty under the relevant task instead of hiding it in a final answer. If the reviewer requests changes, the same task stays incomplete. The worker repairs it and the reviewer checks the new version before the planner records completion. ## Handoff and review The planner supplies a self-contained task assignment: the plan path, code paths, intended behavior, and acceptance criteria. The workflow forwards that assignment to the reviewer after the worker returns. The reviewer starts with an isolated context and has no access to this conversation. Ask for source-backed findings with severity and uncertainty. The workflow delivers the independent verdict. A rejection returns the same task to the worker. Approval lets the planner record completion and reread the plan before assigning another task. Report only what the visible evidence supports. ## Context limits Large instructions, file reads, tool schemas, and tool results consume context. Use compaction to preserve durable decisions and current task state when earlier conversation is summarized. The on-disk plan remains authoritative; after compaction, reread it before the next task. Do not infer that a summary retains every line of a file. When a read is truncated, request the missing section. Keep final messages concise enough to show the task status, verification level, and next action without duplicating the entire plan. Role ownership survives compaction: only the worker edits source/tests, only the reviewer issues approval, and only the planner updates plan status. The current workflow assignment and verdict override incomplete history summaries. Authoritative current workflow operation; do ONLY this operation, even if a history summary suggests later work: {"operation": "work", "assignment": {"action": "work", "task_id": "T1", "files": ["/slug.py"], "message": "Implement T1 only: write /slug.py according to /plan.md. Tests belong to the next step."}, "review": {}, "test_execution": {}}
A36: R3 | B36: 1 | C36: Tool result | I36: Updated file /plan.md
A37: R3 | B37: 1 | C37: Cache write | D37: 4285
A38: R3 | B38: 1 | C38: Context · added / total | D38: 4285 | L38: 4285
A39: R3 | B39: 1 | C39: LLM response | D39: 56
A40: R3 | B40: 1 | C40: Output | D40: 56 | E40: =IF(AND(ISNUMBER(F40),ISNUMBER('Reference data'!$B$3)),F40*'Reference data'!$B$3,"Unknown") -> 5.9118528e-05 | F40: =IF(D40=0,0,IF(ISNUMBER('Reference data'!E22),D40*'Reference data'!E22/1000000,"Unknown")) -> 6.72e-05 | G40: =IF(ISNUMBER(E40),ROUND(E40*'Reference data'!$B$2,0),"Unknown") -> 6 | H40: =IF(ISNUMBER(F40),ROUND(F40*'Reference data'!$B$2,0),"Unknown") -> 7
A41: R3 | B41: 1 | C41: Output content | I41: {"name": "read_file", "args": {"file_path": "/plan.md"}, "id": "read_file-20", "type": "tool_call"}
A42: R3 | B42: 1 | C42: Cache write | D42: 56
A43: R3 | B43: 1 | C43: Context · added / total | D43: 56 | L43: 4341
A44: R3 | B44: 1 | C44: Call total | E44: =IF(COUNT('Turns'!E33,'Turns'!E40)=2,SUM('Turns'!E33,'Turns'!E40),"Unknown") -> 0.00081305571 | F44: =IF(COUNT('Turns'!F33,'Turns'!F40)=2,SUM('Turns'!F33,'Turns'!F40),"Unknown") -> 0.0009242 | G44: =IF(ISNUMBER(E44),ROUND(E44*'Reference data'!$B$2,0),"Unknown") -> 81 | H44: =IF(ISNUMBER(F44),ROUND(F44*'Reference data'!$B$2,0),"Unknown") -> 92 | K44: ok
B45: 1 | C45: Tool · read_file | K45: ok | M45: 01a11680-badf-79b2-91b4-668bad3093df
B46: 1 | C46: Arguments | I46: {'file_path': '/plan.md'}
B47: 1 | C47: Result | I47: @@ lines 1-17 of 17 @@ # Slug utility delivery plan Goal: provide one deterministic Python function named slugify in /slug.py. It turns a title into a lowercase ASCII slug suitable for a local document name. The sample must demonstrate file-backed coordination and independent review, not a production packaging workflow. /test_slug.py contains focused unittest coverage. Each step follows worker implementation, independent approval, then planner completion before the next step starts. Working agreement: every task has a stable ID. An edit changes only the named task status and evidence. Pending means no artifact is claimed. Complete means the current version was independently approved and the planner recorded that approval. Blocked means a concrete missing input or failed operation. A reviewer report is evidence of inspection, not evidence that tests executed. The reviewer has read-only access and a separate context; its assignment must include all paths and intended behavior. The planner retains ownership of the plan. The worker reports implementation evidence but does not edit the plan. Design contract: accept a string title. Normalize accented Latin letters to their ASCII base where Unicode decomposition provides one. Convert to lowercase. Treat runs of punctuation and whitespace as a single hyphen. Strip leading and trailing hyphens. Empty or separator-only text returns an empty string. A non-string input raises TypeError with a clear message. Do not use network calls, environment configuration, or generated identifiers. Preserve deterministic output for the same input. Implementation notes: prefer unicodedata.normalize over a third-party transliteration package. Encode decomposed text as ASCII while dropping characters that have no ASCII form. Explain that limitation in a docstring because some scripts become empty. Use a regular expression for separator runs and make its pattern explicit. Keep the public function side-effect free. Avoid broad exception handlers and hidden fallback behavior. Include a purpose header, AI attribution, and the project copyright in each Python file. Verification agreement: tests use only Python's standard library unittest. They should verify a normal title, repeated whitespace and punctuation, accented Latin input, leading and trailing separators, empty input, and invalid type. Tests are source artifacts until a command actually executes them; the workflow runs /test_slug.py after each worker handoff and supplies its execution receipt to the reviewer. The final report must distinguish written tests from passing tests. Review findings should name a triggering example and the affected task. Task T1 — implement the public function. Status: pending. Acceptance: /slug.py exposes slugify; ordinary words become lowercase with one hyphen; accents with Latin decompositions lose marks; punctuation runs do not create repeated hyphens; non-string values fail visibly. Read the plan after recording completion. Task T2 — create focused tests. Status: pending. Acceptance: /test_slug.py imports slugify and uses unittest with examples for normal titles, spacing, punctuation, accents, empty input, and invalid input. The tests should distinguish a plausible broken implementation from the expected contract. Read the plan after recording completion. Risk notes: file reads may be paginated, so inspect the rest if a native read is truncated. A successful write does not prove behavior; it only proves content was saved. A summary may omit exact plan lines, so the current file controls status after compaction. If a tool reports an error, keep the task pending or blocked and explain why. Avoid broadening the task to packaging, CLI behavior, or external deployment. The intended learning is the relationship among plan state, conversation state, reviewer isolation, and context limits.
A48: R4 | B48: 1 | C48: LLM request | D48: 5092 | J48: scripted-chat | M48: 01a11680-bae6-76c2-8e2d-ebcecdf59598
A49: R4 | B49: 1 | C49: Conversation history · cache read | D49: 0 | E49: =IF(AND(ISNUMBER(F49),ISNUMBER('Reference data'!$B$3)),F49*'Reference data'!$B$3,"Unknown") -> 0 | F49: =IF(D49=0,0,IF(ISNUMBER('Reference data'!C22),D49*'Reference data'!C22/1000000,"Unknown")) -> 0 | G49: =IF(ISNUMBER(E49),ROUND(E49*'Reference data'!$B$2,0),"Unknown") -> 0 | H49: =IF(ISNUMBER(F49),ROUND(F49*'Reference data'!$B$2,0),"Unknown") -> 0
A50: R4 | B50: 1 | C50: Input at standard rate | D50: 5092 | E50: =IF(AND(ISNUMBER(F50),ISNUMBER('Reference data'!$B$3)),F50*'Reference data'!$B$3,"Unknown") -> 0.00089592722 | F50: =IF(D50=0,0,IF(ISNUMBER('Reference data'!B22),D50*'Reference data'!B22/1000000,"Unknown")) -> 0.0010184 | G50: =IF(ISNUMBER(E50),ROUND(E50*'Reference data'!$B$2,0),"Unknown") -> 90 | H50: =IF(ISNUMBER(F50),ROUND(F50*'Reference data'!$B$2,0),"Unknown") -> 102
A51: R4 | B51: 1 | C51: Tool result | D51: 751 | I51: @@ lines 1-17 of 17 @@ # Slug utility delivery plan Goal: provide one deterministic Python function named slugify in /slug.py. It turns a title into a lowercase ASCII slug suitable for a local document name. The sample must demonstrate file-backed coordination and independent review, not a production packaging workflow. /test_slug.py contains focused unittest coverage. Each step follows worker implementation, independent approval, then planner completion before the next step starts. Working agreement: every task has a stable ID. An edit changes only the named task status and evidence. Pending means no artifact is claimed. Complete means the current version was independently approved and the planner recorded that approval. Blocked means a concrete missing input or failed operation. A reviewer report is evidence of inspection, not evidence that tests executed. The reviewer has read-only access and a separate context; its assignment must include all paths and intended behavior. The planner retains ownership of the plan. The worker reports implementation evidence but does not edit the plan. Design contract: accept a string title. Normalize accented Latin letters to their ASCII base where Unicode decomposition provides one. Convert to lowercase. Treat runs of punctuation and whitespace as a single hyphen. Strip leading and trailing hyphens. Empty or separator-only text returns an empty string. A non-string input raises TypeError with a clear message. Do not use network calls, environment configuration, or generated identifiers. Preserve deterministic output for the same input. Implementation notes: prefer unicodedata.normalize over a third-party transliteration package. Encode decomposed text as ASCII while dropping characters that have no ASCII form. Explain that limitation in a docstring because some scripts become empty. Use a regular expression for separator runs and make its pattern explicit. Keep the public function side-effect free. Avoid broad exception handlers and hidden fallback behavior. Include a purpose header, AI attribution, and the project copyright in each Python file. Verification agreement: tests use only Python's standard library unittest. They should verify a normal title, repeated whitespace and punctuation, accented Latin input, leading and trailing separators, empty input, and invalid type. Tests are source artifacts until a command actually executes them; the workflow runs /test_slug.py after each worker handoff and supplies its execution receipt to the reviewer. The final report must distinguish written tests from passing tests. Review findings should name a triggering example and the affected task. Task T1 — implement the public function. Status: pending. Acceptance: /slug.py exposes slugify; ordinary words become lowercase with one hyphen; accents with Latin decompositions lose marks; punctuation runs do not create repeated hyphens; non-string values fail visibly. Read the plan after recording completion. Task T2 — create focused tests. Status: pending. Acceptance: /test_slug.py imports slugify and uses unittest with examples for normal titles, spacing, punctuation, accents, empty input, and invalid input. The tests should distinguish a plausible broken implementation from the expected contract. Read the plan after recording completion. Risk notes: file reads may be paginated, so inspect the rest if a native read is truncated. A successful write does not prove behavior; it only proves content was saved. A summary may omit exact plan lines, so the current file controls status after compaction. If a tool reports an error, keep the task pending or blocked and explain why. Avoid broadening the task to packaging, CLI behavior, or external deployment. The intended learning is the relationship among plan state, conversation state, reviewer isolation, and context limits.
A52: R4 | B52: 1 | C52: Cache write | D52: 5092
A53: R4 | B53: 1 | C53: Context · added / total | D53: 5092 | L53: 5092
A54: R4 | B54: 1 | C54: LLM response | D54: 280
A55: R4 | B55: 1 | C55: Output | D55: 280 | E55: =IF(AND(ISNUMBER(F55),ISNUMBER('Reference data'!$B$3)),F55*'Reference data'!$B$3,"Unknown") -> 0.00029559264 | F55: =IF(D55=0,0,IF(ISNUMBER('Reference data'!E22),D55*'Reference data'!E22/1000000,"Unknown")) -> 0.000336 | G55: =IF(ISNUMBER(E55),ROUND(E55*'Reference data'!$B$2,0),"Unknown") -> 30 | H55: =IF(ISNUMBER(F55),ROUND(F55*'Reference data'!$B$2,0),"Unknown") -> 34
A56: R4 | B56: 1 | C56: Output content | I56: {"name": "write_file", "args": {"file_path": "/slug.py", "content": "\"\"\"Create deterministic ASCII slugs for local document titles.\n\nAccents with Latin decomposition are removed; characters without ASCII\nrepresentation are dropped. The function has no filesystem or network effects.\nAI attribution: Generated with AI assistance by Northstar.\nCopyright (c) 2026 Martin.Bechard@DevConsult.ca\n\"\"\"\n\nimport re\nimport unicodedata\n\n\ndef slugify(title: str) -> str:\n \"\"\"Return a lowercase, hyphen-separated ASCII form of a title.\"\"\"\n if not isinstance(title, str):\n raise TypeError(\"title must be a string\")\n # Decompose Latin accents before the ASCII boundary; unsupported scripts\n # are dropped rather than transliterated through an undeclared dependency.\n ascii_title = unicodedata.normalize(\"NFKD\", title).encode(\"ascii\", \"ignore\").decode(\"ascii\")\n return re.sub(r\"[^a-z0-9]+\", \"-\", ascii_title.lower())\n"}, "id": "write_file-21", "type": "tool_call"}
A57: R4 | B57: 1 | C57: Cache write | D57: 280
A58: R4 | B58: 1 | C58: Context · added / total | D58: 280 | L58: 5372
A59: R4 | B59: 1 | C59: Call total | E59: =IF(COUNT('Turns'!E49,'Turns'!E50,'Turns'!E55)=3,SUM('Turns'!E49,'Turns'!E50,'Turns'!E55),"Unknown") -> 0.0011915199 | F59: =IF(COUNT('Turns'!F49,'Turns'!F50,'Turns'!F55)=3,SUM('Turns'!F49,'Turns'!F50,'Turns'!F55),"Unknown") -> 0.0013544 | G59: =IF(ISNUMBER(E59),ROUND(E59*'Reference data'!$B$2,0),"Unknown") -> 119 | H59: =IF(ISNUMBER(F59),ROUND(F59*'Reference data'!$B$2,0),"Unknown") -> 135 | K59: ok
B60: 1 | C60: Tool · write_file | K60: ok | M60: 01a11680-baec-74b1-bf4d-e84c2cd8b741
B61: 1 | C61: Arguments | I61: {'file_path': '/slug.py', 'content': '"""Create deterministic ASCII slugs for local document titles.\n\nAccents with Latin decomposition are removed; characters without ASCII\nrepresentation are dropped. The function has no filesystem or network effects.\nAI attribution: Generated with AI assistance by Northstar.\nCopyright (c) 2026 Martin.Bechard@DevConsult.ca\n"""\n\nimport re\nimport unicodedata\n\n\ndef slugify(title: str) -> str:\n """Return a lowercase, hyphen-separated ASCII form of a title."""\n if not isinstance(title, str):\n raise TypeError("title must be a string")\n # Decompose Latin accents before the ASCII boundary; unsupported scripts\n # are dropped rather than transliterated through an undeclared dependency.\n ascii_title = unicodedata.normalize("NFKD", title).encode("ascii", "ignore").decode("ascii")\n return re.sub(r"[^a-z0-9]+", "-", ascii_title.lower())\n'}
B62: 1 | C62: Result | I62: Updated file /slug.py
A63: R5 | B63: 1 | C63: LLM request | D63: 5405 | J63: scripted-chat | M63: 01a11680-baf0-7a62-9cdc-77c9a266618d
A64: R5 | B64: 1 | C64: Conversation history · cache read | D64: 0 | E64: =IF(AND(ISNUMBER(F64),ISNUMBER('Reference data'!$B$3)),F64*'Reference data'!$B$3,"Unknown") -> 0 | F64: =IF(D64=0,0,IF(ISNUMBER('Reference data'!C22),D64*'Reference data'!C22/1000000,"Unknown")) -> 0 | G64: =IF(ISNUMBER(E64),ROUND(E64*'Reference data'!$B$2,0),"Unknown") -> 0 | H64: =IF(ISNUMBER(F64),ROUND(F64*'Reference data'!$B$2,0),"Unknown") -> 0
A65: R5 | B65: 1 | C65: Input at standard rate | D65: 5405 | E65: =IF(AND(ISNUMBER(F65),ISNUMBER('Reference data'!$B$3)),F65*'Reference data'!$B$3,"Unknown") -> 0.00095099894 | F65: =IF(D65=0,0,IF(ISNUMBER('Reference data'!B22),D65*'Reference data'!B22/1000000,"Unknown")) -> 0.001081 | G65: =IF(ISNUMBER(E65),ROUND(E65*'Reference data'!$B$2,0),"Unknown") -> 95 | H65: =IF(ISNUMBER(F65),ROUND(F65*'Reference data'!$B$2,0),"Unknown") -> 108
A66: R5 | B66: 1 | C66: Tool result | D66: 33 | I66: Updated file /slug.py
A67: R5 | B67: 1 | C67: Cache write | D67: 5405
A68: R5 | B68: 1 | C68: Context · added / total | D68: 5405 | L68: 5405
A69: R5 | B69: 1 | C69: LLM response | D69: 36
A70: R5 | B70: 1 | C70: Output | D70: 36 | E70: =IF(AND(ISNUMBER(F70),ISNUMBER('Reference data'!$B$3)),F70*'Reference data'!$B$3,"Unknown") -> 3.8004768e-05 | F70: =IF(D70=0,0,IF(ISNUMBER('Reference data'!E22),D70*'Reference data'!E22/1000000,"Unknown")) -> 4.32e-05 | G70: =IF(ISNUMBER(E70),ROUND(E70*'Reference data'!$B$2,0),"Unknown") -> 4 | H70: =IF(ISNUMBER(F70),ROUND(F70*'Reference data'!$B$2,0),"Unknown") -> 4
A71: R5 | B71: 1 | C71: Output content | I71: T1 candidate written; source review required. Tests not executed.
A72: R5 | B72: 1 | C72: Cache write | D72: 36
A73: R5 | B73: 1 | C73: Context · added / total | D73: 36 | L73: 5441
A74: R5 | B74: 1 | C74: Call total | E74: =IF(COUNT('Turns'!E64,'Turns'!E65,'Turns'!E70)=3,SUM('Turns'!E64,'Turns'!E65,'Turns'!E70),"Unknown") -> 0.00098900371 | F74: =IF(COUNT('Turns'!F64,'Turns'!F65,'Turns'!F70)=3,SUM('Turns'!F64,'Turns'!F65,'Turns'!F70),"Unknown") -> 0.0011242 | G74: =IF(ISNUMBER(E74),ROUND(E74*'Reference data'!$B$2,0),"Unknown") -> 99 | H74: =IF(ISNUMBER(F74),ROUND(F74*'Reference data'!$B$2,0),"Unknown") -> 112 | K74: ok
A75: R6 | B75: 1 | C75: LLM request | D75: 1547 | J75: scripted-chat | M75: 01a11680-bafa-7231-92c7-4487f4712d16
A76: R6 | B76: 1 | C76: Input at standard rate | D76: 1547 | E76: =IF(AND(ISNUMBER(F76),ISNUMBER('Reference data'!$B$3)),F76*'Reference data'!$B$3,"Unknown") -> 0.00027219156 | F76: =IF(D76=0,0,IF(ISNUMBER('Reference data'!B22),D76*'Reference data'!B22/1000000,"Unknown")) -> 0.0003094 | G76: =IF(ISNUMBER(E76),ROUND(E76*'Reference data'!$B$2,0),"Unknown") -> 27 | H76: =IF(ISNUMBER(F76),ROUND(F76*'Reference data'!$B$2,0),"Unknown") -> 31
A77: R6 | B77: 1 | C77: Tool definitions | D77: 412
A78: R6 | B78: 1 | C78: System prompt | D78: 964 | I78: You are the independent read-only reviewer of ONE current task. You receive a fresh assignment, not the shared conversation. Read /plan.md and the files relevant to this task; later tasks may legitimately have no artifacts yet. Inspect the CURRENT files against the supplied task acceptance criteria. Do not edit, implement, delegate, or invent execution evidence. The supplied test_execution receipt comes from the workflow runner for the current files. Return only a JSON object with task_id (exact supplied ID), verdict (approve or revise), and evidence (nonempty source-backed explanation including all actionable findings and uncertainty). Approve only when this task's acceptance criteria are met. Otherwise return revise with concrete repair instructions. Inspect source and report the supplied execution results, including test count and exit status. Revise on failed, missing, empty or timed-out tests. not_yet_written is allowed only for implementation before a later test-creation task. Sample practices: # Independent code review practices This review guidance ships with the sample and needs no external skill or server. The reviewer receives a separate task context. The assigned paths, their read results, and the supplied test_execution receipt provide evidence about the work; the parent's unseen conversation does not. ## Review contract Read the current plan first. Identify the assigned task and its acceptance criteria. Review this step; do not require artifacts belonging to later steps. Read the implementation and tests in full, using additional paginated reads if a result is truncated. Treat plan claims as claims to verify, not proof. The reviewer is read-only: do not edit the plan, code, or tests. Do not claim to have run a command that is unavailable to this reviewer. ## Correctness pass Trace the public function from input to output. Check ordinary examples, empty values, repeated separators, Unicode or normalization if the plan requires them, invalid input, and whether behavior is deterministic. For each suspected defect, identify a concrete triggering input and the resulting behavior. Compare it with the exact acceptance criterion. Check that failures are visible rather than swallowed. Avoid requesting behavior the plan never specified unless it is a direct correctness or safety consequence of the implementation. ## Test pass Inspect whether tests cover the promised behavior and at least one meaningful boundary. A test should fail for a plausible broken implementation. Note untested branches only when they carry material risk. Code that looks correct may still be unverified: distinguish reading tests from executing them. Use the workflow-supplied test_execution receipt for the current attempt. Failed, missing, empty or timed-out tests require revision. not_yet_written allows source review for an implementation step before test creation. Check that test imports and paths appear consistent with the local file layout. ## Evidence and severity Report findings in priority order. Use a concise location, the triggering condition, observed or inferred failure, and expected behavior. Label a finding critical only if it blocks the task or risks severe harm; high for a real acceptance failure; medium for a narrower bug or important missing test; low for a minor issue. Avoid style-only findings unless the style directly obscures behavior or conflicts with an explicit requirement. If no issue is found, say that no issue was found in this read-only pass and state the limits of that conclusion. ## Uncertainty and handoff Separate direct file observations from inferences. Quote or reference the relevant file, function, and task ID. If a file is missing or a read fails, report the gap instead of guessing its contents. Explain whether the review is complete enough for the planner to mark the task reviewed. Only an approve verdict allows the planner to record this step complete; the reviewer does not own that edit. Return a compact report rather than reproducing whole files or the plan. Authoritative current workflow operation; do ONLY this operation, even if a history summary suggests later work: {"operation": "review", "assignment": {"action": "work", "task_id": "T1", "files": ["/slug.py"], "message": "Implement T1 only: write /slug.py according to /plan.md. Tests belong to the next step."}, "review": {}, "test_execution": {"command": "python -I -B -c <unittest runner>", "suite": "test_slug.py", "exit_code": null, "tests_run": 0, "status": "not_yet_written", "stdout": "", "stderr": "test_slug.py does not exist.", "task_id": "T1", "attempt": 1}}
A79: R6 | B79: 1 | C79: Cache write | D79: 1547
A80: R6 | B80: 1 | C80: Context · added / total | D80: 1547 | L80: 1547
A81: R6 | B81: 1 | C81: LLM response | D81: 56
A82: R6 | B82: 1 | C82: Output | D82: 56 | E82: =IF(AND(ISNUMBER(F82),ISNUMBER('Reference data'!$B$3)),F82*'Reference data'!$B$3,"Unknown") -> 5.9118528e-05 | F82: =IF(D82=0,0,IF(ISNUMBER('Reference data'!E22),D82*'Reference data'!E22/1000000,"Unknown")) -> 6.72e-05 | G82: =IF(ISNUMBER(E82),ROUND(E82*'Reference data'!$B$2,0),"Unknown") -> 6 | H82: =IF(ISNUMBER(F82),ROUND(F82*'Reference data'!$B$2,0),"Unknown") -> 7
A83: R6 | B83: 1 | C83: Output content | I83: {"name": "read_file", "args": {"file_path": "/plan.md"}, "id": "read_file-40", "type": "tool_call"}
A84: R6 | B84: 1 | C84: Cache write | D84: 56
A85: R6 | B85: 1 | C85: Context · added / total | D85: 56 | L85: 1603
A86: R6 | B86: 1 | C86: Call total | E86: =IF(COUNT('Turns'!E76,'Turns'!E82)=2,SUM('Turns'!E76,'Turns'!E82),"Unknown") -> 0.00033131008 | F86: =IF(COUNT('Turns'!F76,'Turns'!F82)=2,SUM('Turns'!F76,'Turns'!F82),"Unknown") -> 0.0003766 | G86: =IF(ISNUMBER(E86),ROUND(E86*'Reference data'!$B$2,0),"Unknown") -> 33 | H86: =IF(ISNUMBER(F86),ROUND(F86*'Reference data'!$B$2,0),"Unknown") -> 38 | K86: ok
B87: 1 | C87: Tool · read_file | K87: ok | M87: 01a11680-bafe-7653-8e67-f2e236176951
B88: 1 | C88: Arguments | I88: {'file_path': '/plan.md'}
B89: 1 | C89: Result | I89: @@ lines 1-17 of 17 @@ # Slug utility delivery plan Goal: provide one deterministic Python function named slugify in /slug.py. It turns a title into a lowercase ASCII slug suitable for a local document name. The sample must demonstrate file-backed coordination and independent review, not a production packaging workflow. /test_slug.py contains focused unittest coverage. Each step follows worker implementation, independent approval, then planner completion before the next step starts. Working agreement: every task has a stable ID. An edit changes only the named task status and evidence. Pending means no artifact is claimed. Complete means the current version was independently approved and the planner recorded that approval. Blocked means a concrete missing input or failed operation. A reviewer report is evidence of inspection, not evidence that tests executed. The reviewer has read-only access and a separate context; its assignment must include all paths and intended behavior. The planner retains ownership of the plan. The worker reports implementation evidence but does not edit the plan. Design contract: accept a string title. Normalize accented Latin letters to their ASCII base where Unicode decomposition provides one. Convert to lowercase. Treat runs of punctuation and whitespace as a single hyphen. Strip leading and trailing hyphens. Empty or separator-only text returns an empty string. A non-string input raises TypeError with a clear message. Do not use network calls, environment configuration, or generated identifiers. Preserve deterministic output for the same input. Implementation notes: prefer unicodedata.normalize over a third-party transliteration package. Encode decomposed text as ASCII while dropping characters that have no ASCII form. Explain that limitation in a docstring because some scripts become empty. Use a regular expression for separator runs and make its pattern explicit. Keep the public function side-effect free. Avoid broad exception handlers and hidden fallback behavior. Include a purpose header, AI attribution, and the project copyright in each Python file. Verification agreement: tests use only Python's standard library unittest. They should verify a normal title, repeated whitespace and punctuation, accented Latin input, leading and trailing separators, empty input, and invalid type. Tests are source artifacts until a command actually executes them; the workflow runs /test_slug.py after each worker handoff and supplies its execution receipt to the reviewer. The final report must distinguish written tests from passing tests. Review findings should name a triggering example and the affected task. Task T1 — implement the public function. Status: pending. Acceptance: /slug.py exposes slugify; ordinary words become lowercase with one hyphen; accents with Latin decompositions lose marks; punctuation runs do not create repeated hyphens; non-string values fail visibly. Read the plan after recording completion. Task T2 — create focused tests. Status: pending. Acceptance: /test_slug.py imports slugify and uses unittest with examples for normal titles, spacing, punctuation, accents, empty input, and invalid input. The tests should distinguish a plausible broken implementation from the expected contract. Read the plan after recording completion. Risk notes: file reads may be paginated, so inspect the rest if a native read is truncated. A successful write does not prove behavior; it only proves content was saved. A summary may omit exact plan lines, so the current file controls status after compaction. If a tool reports an error, keep the task pending or blocked and explain why. Avoid broadening the task to packaging, CLI behavior, or external deployment. The intended learning is the relationship among plan state, conversation state, reviewer isolation, and context limits.
A90: R7 | B90: 1 | C90: LLM request | D90: 2354 | J90: scripted-chat | M90: 01a11680-bb01-75a2-b8f3-037077e83b48
A91: R7 | B91: 1 | C91: Conversation history · cache read | D91: 0 | E91: =IF(AND(ISNUMBER(F91),ISNUMBER('Reference data'!$B$3)),F91*'Reference data'!$B$3,"Unknown") -> 0 | F91: =IF(D91=0,0,IF(ISNUMBER('Reference data'!C22),D91*'Reference data'!C22/1000000,"Unknown")) -> 0 | G91: =IF(ISNUMBER(E91),ROUND(E91*'Reference data'!$B$2,0),"Unknown") -> 0 | H91: =IF(ISNUMBER(F91),ROUND(F91*'Reference data'!$B$2,0),"Unknown") -> 0
A92: R7 | B92: 1 | C92: Input at standard rate | D92: 2354 | E92: =IF(AND(ISNUMBER(F92),ISNUMBER('Reference data'!$B$3)),F92*'Reference data'!$B$3,"Unknown") -> 0.00041418159 | F92: =IF(D92=0,0,IF(ISNUMBER('Reference data'!B22),D92*'Reference data'!B22/1000000,"Unknown")) -> 0.0004708 | G92: =IF(ISNUMBER(E92),ROUND(E92*'Reference data'!$B$2,0),"Unknown") -> 41 | H92: =IF(ISNUMBER(F92),ROUND(F92*'Reference data'!$B$2,0),"Unknown") -> 47
A93: R7 | B93: 1 | C93: Tool result | D93: 751 | I93: @@ lines 1-17 of 17 @@ # Slug utility delivery plan Goal: provide one deterministic Python function named slugify in /slug.py. It turns a title into a lowercase ASCII slug suitable for a local document name. The sample must demonstrate file-backed coordination and independent review, not a production packaging workflow. /test_slug.py contains focused unittest coverage. Each step follows worker implementation, independent approval, then planner completion before the next step starts. Working agreement: every task has a stable ID. An edit changes only the named task status and evidence. Pending means no artifact is claimed. Complete means the current version was independently approved and the planner recorded that approval. Blocked means a concrete missing input or failed operation. A reviewer report is evidence of inspection, not evidence that tests executed. The reviewer has read-only access and a separate context; its assignment must include all paths and intended behavior. The planner retains ownership of the plan. The worker reports implementation evidence but does not edit the plan. Design contract: accept a string title. Normalize accented Latin letters to their ASCII base where Unicode decomposition provides one. Convert to lowercase. Treat runs of punctuation and whitespace as a single hyphen. Strip leading and trailing hyphens. Empty or separator-only text returns an empty string. A non-string input raises TypeError with a clear message. Do not use network calls, environment configuration, or generated identifiers. Preserve deterministic output for the same input. Implementation notes: prefer unicodedata.normalize over a third-party transliteration package. Encode decomposed text as ASCII while dropping characters that have no ASCII form. Explain that limitation in a docstring because some scripts become empty. Use a regular expression for separator runs and make its pattern explicit. Keep the public function side-effect free. Avoid broad exception handlers and hidden fallback behavior. Include a purpose header, AI attribution, and the project copyright in each Python file. Verification agreement: tests use only Python's standard library unittest. They should verify a normal title, repeated whitespace and punctuation, accented Latin input, leading and trailing separators, empty input, and invalid type. Tests are source artifacts until a command actually executes them; the workflow runs /test_slug.py after each worker handoff and supplies its execution receipt to the reviewer. The final report must distinguish written tests from passing tests. Review findings should name a triggering example and the affected task. Task T1 — implement the public function. Status: pending. Acceptance: /slug.py exposes slugify; ordinary words become lowercase with one hyphen; accents with Latin decompositions lose marks; punctuation runs do not create repeated hyphens; non-string values fail visibly. Read the plan after recording completion. Task T2 — create focused tests. Status: pending. Acceptance: /test_slug.py imports slugify and uses unittest with examples for normal titles, spacing, punctuation, accents, empty input, and invalid input. The tests should distinguish a plausible broken implementation from the expected contract. Read the plan after recording completion. Risk notes: file reads may be paginated, so inspect the rest if a native read is truncated. A successful write does not prove behavior; it only proves content was saved. A summary may omit exact plan lines, so the current file controls status after compaction. If a tool reports an error, keep the task pending or blocked and explain why. Avoid broadening the task to packaging, CLI behavior, or external deployment. The intended learning is the relationship among plan state, conversation state, reviewer isolation, and context limits.
A94: R7 | B94: 1 | C94: Cache write | D94: 2354
A95: R7 | B95: 1 | C95: Context · added / total | D95: 2354 | L95: 2354
A96: R7 | B96: 1 | C96: LLM response | D96: 56
A97: R7 | B97: 1 | C97: Output | D97: 56 | E97: =IF(AND(ISNUMBER(F97),ISNUMBER('Reference data'!$B$3)),F97*'Reference data'!$B$3,"Unknown") -> 5.9118528e-05 | F97: =IF(D97=0,0,IF(ISNUMBER('Reference data'!E22),D97*'Reference data'!E22/1000000,"Unknown")) -> 6.72e-05 | G97: =IF(ISNUMBER(E97),ROUND(E97*'Reference data'!$B$2,0),"Unknown") -> 6 | H97: =IF(ISNUMBER(F97),ROUND(F97*'Reference data'!$B$2,0),"Unknown") -> 7
A98: R7 | B98: 1 | C98: Output content | I98: {"name": "read_file", "args": {"file_path": "/slug.py"}, "id": "read_file-41", "type": "tool_call"}
A99: R7 | B99: 1 | C99: Cache write | D99: 56
A100: R7 | B100: 1 | C100: Context · added / total | D100: 56 | L100: 2410
...

Sheet Execution tree
A1: Operation | B1: Depth | C1: Type | D1: Model · effort | E1: Status | F1: Input context tokens | G1: Description | H1: Span ID | I1: Parent ID | J1: Input at standard rate tokens | K1: Input at standard rate EUR | L1: Input at standard rate USD | M1: Cache read tokens | N1: Cache read EUR | O1: Cache read USD | P1: Cache write tokens | Q1: Cache write EUR | R1: Cache write USD | S1: Output (non-reasoning) tokens | T1: Output (non-reasoning) EUR | U1: Output (non-reasoning) USD | V1: Reasoning tokens | W1: Reasoning EUR | X1: Reasoning USD | Y1: Total EUR | Z1: Total USD | AA1: Projected EUR | AB1: Projected USD | AC1: Request | AD1: Elapsed ms | AE1: Accounting
A2: context_budget_workflow | B2: 0 | C2: workflow | E2: ok | G2: Execute the context_budget_workflow workflow operation and pass its result to the next graph step. | H2: 01a11680-ba1e-7011-aaec-e09a34196f5c | J2: =IF(COUNT('Turns'!D5,'Turns'!D22,'Turns'!D33,'Turns'!D50,'Turns'!D65,'Turns'!D76,'Turns'!D92,'Turns'!D107,'Turns'!D119,'Turns'!D134,'Turns'!D149,'Turns'!D161,'Turns'!D175,'Turns'!D190,'Turns'!D201,'Turns'!D218,'Turns'!D233,'Turns'!D247,'Turns'!D260,'Turns'!D272,'Turns'!D287,'Turns'!D302,'Turns'!D317,'Turns'!D329,'Turns'!D343,'Turns'!D358,'Turns'!D373,'Turns'!D385,'Turns'!D400,'Turns'!D415,'Turns'!D430)=31,SUM('Turns'!D5,'Turns'!D22,'Turns'!D33,'Turns'!D50,'Turns'!D65,'Turns'!D76,'Turns'!D92,'Turns'!D107,'Turns'!D119,'Turns'!D134,'Turns'!D149,'Turns'!D161,'Turns'!D175,'Turns'!D190,'Turns'!D201,'Turns'!D218,'Turns'!D233,'Turns'!D247,'Turns'!D260,'Turns'!D272,'Turns'!D287,'Turns'!D302,'Turns'!D317,'Turns'!D329,'Turns'!D343,'Turns'!D358,'Turns'!D373,'Turns'!D385,'Turns'!D400,'Turns'!D415,'Turns'!D430),"Unknown") -> 142267 | K2: =IF(COUNT('Turns'!E5,'Turns'!E22,'Turns'!E33,'Turns'!E50,'Turns'!E65,'Turns'!E76,'Turns'!E92,'Turns'!E107,'Turns'!E119,'Turns'!E134,'Turns'!E149,'Turns'!E161,'Turns'!E175,'Turns'!E190,'Turns'!E201,'Turns'!E218,'Turns'!E233,'Turns'!E247,'Turns'!E260,'Turns'!E272,'Turns'!E287,'Turns'!E302,'Turns'!E317,'Turns'!E329,'Turns'!E343,'Turns'!E358,'Turns'!E373,'Turns'!E385,'Turns'!E400,'Turns'!E415,'Turns'!E430)=31,SUM('Turns'!E5,'Turns'!E22,'Turns'!E33,'Turns'!E50,'Turns'!E65,'Turns'!E76,'Turns'!E92,'Turns'!E107,'Turns'!E119,'Turns'!E134,'Turns'!E149,'Turns'!E161,'Turns'!E175,'Turns'!E190,'Turns'!E201,'Turns'!E218,'Turns'!E233,'Turns'!E247,'Turns'!E260,'Turns'!E272,'Turns'!E287,'Turns'!E302,'Turns'!E317,'Turns'!E329,'Turns'!E343,'Turns'!E358,'Turns'!E373,'Turns'!E385,'Turns'!E400,'Turns'!E415,'Turns'!E430),"Unknown") -> 0.025031594 | L2: =IF(COUNT('Turns'!F5,'Turns'!F22,'Turns'!F33,'Turns'!F50,'Turns'!F65,'Turns'!F76,'Turns'!F92,'Turns'!F107,'Turns'!F119,'Turns'!F134,'Turns'!F149,'Turns'!F161,'Turns'!F175,'Turns'!F190,'Turns'!F201,'Turns'!F218,'Turns'!F233,'Turns'!F247,'Turns'!F260,'Turns'!F272,'Turns'!F287,'Turns'!F302,'Turns'!F317,'Turns'!F329,'Turns'!F343,'Turns'!F358,'Turns'!F373,'Turns'!F385,'Turns'!F400,'Turns'!F415,'Turns'!F430)=31,SUM('Turns'!F5,'Turns'!F22,'Turns'!F33,'Turns'!F50,'Turns'!F65,'Turns'!F76,'Turns'!F92,'Turns'!F107,'Turns'!F119,'Turns'!F134,'Turns'!F149,'Turns'!F161,'Turns'!F175,'Turns'!F190,'Turns'!F201,'Turns'!F218,'Turns'!F233,'Turns'!F247,'Turns'!F260,'Turns'!F272,'Turns'!F287,'Turns'!F302,'Turns'!F317,'Turns'!F329,'Turns'!F343,'Turns'!F358,'Turns'!F373,'Turns'!F385,'Turns'!F400,'Turns'!F415,'Turns'!F430),"Unknown") -> 0.0284534 | M2: =IF(COUNT('Turns'!D21,'Turns'!D49,'Turns'!D64,'Turns'!D91,'Turns'!D106,'Turns'!D118,'Turns'!D133,'Turns'!D148,'Turns'!D160,'Turns'!D174,'Turns'!D189,'Turns'!D217,'Turns'!D232,'Turns'!D259,'Turns'!D271,'Turns'!D286,'Turns'!D301,'Turns'!D316,'Turns'!D328,'Turns'!D342,'Turns'!D357,'Turns'!D372,'Turns'!D384,'Turns'!D399,'Turns'!D414,'Turns'!D429)=26,SUM('Turns'!D21,'Turns'!D49,'Turns'!D64,'Turns'!D91,'Turns'!D106,'Turns'!D118,'Turns'!D133,'Turns'!D148,'Turns'!D160,'Turns'!D174,'Turns'!D189,'Turns'!D217,'Turns'!D232,'Turns'!D259,'Turns'!D271,'Turns'!D286,'Turns'!D301,'Turns'!D316,'Turns'!D328,'Turns'!D342,'Turns'!D357,'Turns'!D372,'Turns'!D384,'Turns'!D399,'Turns'!D414,'Turns'!D429),"Unknown") -> 0 | N2: =IF(COUNT('Turns'!E21,'Turns'!E49,'Turns'!E64,'Turns'!E91,'Turns'!E106,'Turns'!E118,'Turns'!E133,'Turns'!E148,'Turns'!E160,'Turns'!E174,'Turns'!E189,'Turns'!E217,'Turns'!E232,'Turns'!E259,'Turns'!E271,'Turns'!E286,'Turns'!E301,'Turns'!E316,'Turns'!E328,'Turns'!E342,'Turns'!E357,'Turns'!E372,'Turns'!E384,'Turns'!E399,'Turns'!E414,'Turns'!E429)=26,SUM('Turns'!E21,'Turns'!E49,'Turns'!E64,'Turns'!E91,'Turns'!E106,'Turns'!E118,'Turns'!E133,'Turns'!E148,'Turns'!E160,'Turns'!E174,'Turns'!E189,'Turns'!E217,'Turns'!E232,'Turns'!E259,'Turns'!E271,'Turns'!E286,'Turns'!E301,'Turns'!E316,'Turns'!E328,'Turns'!E342,'Turns'!E357,'Turns'!E372,'Turns'!E384,'Turns'!E399,'Turns'!E414,'Turns'!E429),"Unknown") -> 0 | O2: =IF(COUNT('Turns'!F21,'Turns'!F49,'Turns'!F64,'Turns'!F91,'Turns'!F106,'Turns'!F118,'Turns'!F133,'Turns'!F148,'Turns'!F160,'Turns'!F174,'Turns'!F189,'Turns'!F217,'Turns'!F232,'Turns'!F259,'Turns'!F271,'Turns'!F286,'Turns'!F301,'Turns'!F316,'Turns'!F328,'Turns'!F342,'Turns'!F357,'Turns'!F372,'Turns'!F384,'Turns'!F399,'Turns'!F414,'Turns'!F429)=26,SUM('Turns'!F21,'Turns'!F49,'Turns'!F64,'Turns'!F91,'Turns'!F106,'Turns'!F118,'Turns'!F133,'Turns'!F148,'Turns'!F160,'Turns'!F174,'Turns'!F189,'Turns'!F217,'Turns'!F232,'Turns'!F259,'Turns'!F271,'Turns'!F286,'Turns'!F301,'Turns'!F316,'Turns'!F328,'Turns'!F342,'Turns'!F357,'Turns'!F372,'Turns'!F384,'Turns'!F399,'Turns'!F414,'Turns'!F429),"Unknown") -> 0 | P2: 0 | Q2: 0 | R2: 0 | S2: =IF(COUNT('Turns'!D12,'Turns'!D27,'Turns'!D40,'Turns'!D55,'Turns'!D70,'Turns'!D82,'Turns'!D97,'Turns'!D112,'Turns'!D124,'Turns'!D139,'Turns'!D154,'Turns'!D165,'Turns'!D180,'Turns'!D195,'Turns'!D208,'Turns'!D223,'Turns'!D238,'Turns'!D253,'Turns'!D265,'Turns'!D277,'Turns'!D292,'Turns'!D307,'Turns'!D322,'Turns'!D333,'Turns'!D348,'Turns'!D363,'Turns'!D378,'Turns'!D390,'Turns'!D405,'Turns'!D420,'Turns'!D435)=31,SUM('Turns'!D12,'Turns'!D27,'Turns'!D40,'Turns'!D55,'Turns'!D70,'Turns'!D82,'Turns'!D97,'Turns'!D112,'Turns'!D124,'Turns'!D139,'Turns'!D154,'Turns'!D165,'Turns'!D180,'Turns'!D195,'Turns'!D208,'Turns'!D223,'Turns'!D238,'Turns'!D253,'Turns'!D265,'Turns'!D277,'Turns'!D292,'Turns'!D307,'Turns'!D322,'Turns'!D333,'Turns'!D348,'Turns'!D363,'Turns'!D378,'Turns'!D390,'Turns'!D405,'Turns'!D420,'Turns'!D435),"Unknown") -> 3123 | T2: =IF(COUNT('Turns'!E12,'Turns'!E27,'Turns'!E40,'Turns'!E55,'Turns'!E70,'Turns'!E82,'Turns'!E97,'Turns'!E112,'Turns'!E124,'Turns'!E139,'Turns'!E154,'Turns'!E165,'Turns'!E180,'Turns'!E195,'Turns'!E208,'Turns'!E223,'Turns'!E238,'Turns'!E253,'Turns'!E265,'Turns'!E277,'Turns'!E292,'Turns'!E307,'Turns'!E322,'Turns'!E333,'Turns'!E348,'Turns'!E363,'Turns'!E378,'Turns'!E390,'Turns'!E405,'Turns'!E420,'Turns'!E435)=31,SUM('Turns'!E12,'Turns'!E27,'Turns'!E40,'Turns'!E55,'Turns'!E70,'Turns'!E82,'Turns'!E97,'Turns'!E112,'Turns'!E124,'Turns'!E139,'Turns'!E154,'Turns'!E165,'Turns'!E180,'Turns'!E195,'Turns'!E208,'Turns'!E223,'Turns'!E238,'Turns'!E253,'Turns'!E265,'Turns'!E277,'Turns'!E292,'Turns'!E307,'Turns'!E322,'Turns'!E333,'Turns'!E348,'Turns'!E363,'Turns'!E378,'Turns'!E390,'Turns'!E405,'Turns'!E420,'Turns'!E435),"Unknown") -> 0.0032969136 | U2: =IF(COUNT('Turns'!F12,'Turns'!F27,'Turns'!F40,'Turns'!F55,'Turns'!F70,'Turns'!F82,'Turns'!F97,'Turns'!F112,'Turns'!F124,'Turns'!F139,'Turns'!F154,'Turns'!F165,'Turns'!F180,'Turns'!F195,'Turns'!F208,'Turns'!F223,'Turns'!F238,'Turns'!F253,'Turns'!F265,'Turns'!F277,'Turns'!F292,'Turns'!F307,'Turns'!F322,'Turns'!F333,'Turns'!F348,'Turns'!F363,'Turns'!F378,'Turns'!F390,'Turns'!F405,'Turns'!F420,'Turns'!F435)=31,SUM('Turns'!F12,'Turns'!F27,'Turns'!F40,'Turns'!F55,'Turns'!F70,'Turns'!F82,'Turns'!F97,'Turns'!F112,'Turns'!F124,'Turns'!F139,'Turns'!F154,'Turns'!F165,'Turns'!F180,'Turns'!F195,'Turns'!F208,'Turns'!F223,'Turns'!F238,'Turns'!F253,'Turns'!F265,'Turns'!F277,'Turns'!F292,'Turns'!F307,'Turns'!F322,'Turns'!F333,'Turns'!F348,'Turns'!F363,'Turns'!F378,'Turns'!F390,'Turns'!F405,'Turns'!F420,'Turns'!F435),"Unknown") -> 0.0037476 | V2: 0 | W2: 0 | X2: 0 | Y2: =IF(COUNT('Turns'!E16,'Turns'!E31,'Turns'!E44,'Turns'!E59,'Turns'!E74,'Turns'!E86,'Turns'!E101,'Turns'!E116,'Turns'!E128,'Turns'!E143,'Turns'!E158,'Turns'!E169,'Turns'!E184,'Turns'!E199,'Turns'!E212,'Turns'!E227,'Turns'!E242,'Turns'!E257,'Turns'!E269,'Turns'!E281,'Turns'!E296,'Turns'!E311,'Turns'!E326,'Turns'!E337,'Turns'!E352,'Turns'!E367,'Turns'!E382,'Turns'!E394,'Turns'!E409,'Turns'!E424,'Turns'!E439)=31,SUM('Turns'!E16,'Turns'!E31,'Turns'!E44,'Turns'!E59,'Turns'!E74,'Turns'!E86,'Turns'!E101,'Turns'!E116,'Turns'!E128,'Turns'!E143,'Turns'!E158,'Turns'!E169,'Turns'!E184,'Turns'!E199,'Turns'!E212,'Turns'!E227,'Turns'!E242,'Turns'!E257,'Turns'!E269,'Turns'!E281,'Turns'!E296,'Turns'!E311,'Turns'!E326,'Turns'!E337,'Turns'!E352,'Turns'!E367,'Turns'!E382,'Turns'!E394,'Turns'!E409,'Turns'!E424,'Turns'!E439),"Unknown") -> 0.028328508 | Z2: =IF(COUNT('Turns'!F16,'Turns'!F31,'Turns'!F44,'Turns'!F59,'Turns'!F74,'Turns'!F86,'Turns'!F101,'Turns'!F116,'Turns'!F128,'Turns'!F143,'Turns'!F158,'Turns'!F169,'Turns'!F184,'Turns'!F199,'Turns'!F212,'Turns'!F227,'Turns'!F242,'Turns'!F257,'Turns'!F269,'Turns'!F281,'Turns'!F296,'Turns'!F311,'Turns'!F326,'Turns'!F337,'Turns'!F352,'Turns'!F367,'Turns'!F382,'Turns'!F394,'Turns'!F409,'Turns'!F424,'Turns'!F439)=31,SUM('Turns'!F16,'Turns'!F31,'Turns'!F44,'Turns'!F59,'Turns'!F74,'Turns'!F86,'Turns'!F101,'Turns'!F116,'Turns'!F128,'Turns'!F143,'Turns'!F158,'Turns'!F169,'Turns'!F184,'Turns'!F199,'Turns'!F212,'Turns'!F227,'Turns'!F242,'Turns'!F257,'Turns'!F269,'Turns'!F281,'Turns'!F296,'Turns'!F311,'Turns'!F326,'Turns'!F337,'Turns'!F352,'Turns'!F367,'Turns'!F382,'Turns'!F394,'Turns'!F409,'Turns'!F424,'Turns'!F439),"Unknown") -> 0.032201 | AA2: =IF(ISNUMBER(Y2),ROUND(Y2*'Reference data'!$B$2,0),"Unknown") -> 2833 | AB2: =IF(ISNUMBER(Z2),ROUND(Z2*'Reference data'!$B$2,0),"Unknown") -> 3220 | AD2: 553.65 | AE2: Subtree total
A3: planning_step | B3: 1 | C3: workflow | E3: ok | G3: Execute the planning_step workflow operation and pass its result to the next graph step. | H3: 01a11680-ba21-77e0-aaf6-9e38d559946a | I3: 01a11680-ba1e-7011-aaec-e09a34196f5c | J3: =IF(COUNT('Turns'!D5,'Turns'!D22)=2,SUM('Turns'!D5,'Turns'!D22),"Unknown") -> 7658 | K3: =IF(COUNT('Turns'!E5,'Turns'!E22)=2,SUM('Turns'!E5,'Turns'!E22),"Unknown") -> 0.0013474098 | L3: =IF(COUNT('Turns'!F5,'Turns'!F22)=2,SUM('Turns'!F5,'Turns'!F22),"Unknown") -> 0.0015316 | M3: =IF(COUNT('Turns'!D21)=1,SUM('Turns'!D21),"Unknown") -> 0 | N3: =IF(COUNT('Turns'!E21)=1,SUM('Turns'!E21),"Unknown") -> 0 | O3: =IF(COUNT('Turns'!F21)=1,SUM('Turns'!F21),"Unknown") -> 0 | P3: 0 | Q3: 0 | R3: 0 | S3: =IF(COUNT('Turns'!D12,'Turns'!D27)=2,SUM('Turns'!D12,'Turns'!D27),"Unknown") -> 846 | T3: =IF(COUNT('Turns'!E12,'Turns'!E27)=2,SUM('Turns'!E12,'Turns'!E27),"Unknown") -> 0.00089311205 | U3: =IF(COUNT('Turns'!F12,'Turns'!F27)=2,SUM('Turns'!F12,'Turns'!F27),"Unknown") -> 0.0010152 | V3: 0 | W3: 0 | X3: 0 | Y3: =IF(COUNT('Turns'!E16,'Turns'!E31)=2,SUM('Turns'!E16,'Turns'!E31),"Unknown") -> 0.0022405218 | Z3: =IF(COUNT('Turns'!F16,'Turns'!F31)=2,SUM('Turns'!F16,'Turns'!F31),"Unknown") -> 0.0025468 | AA3: =IF(ISNUMBER(Y3),ROUND(Y3*'Reference data'!$B$2,0),"Unknown") -> 224 | AB3: =IF(ISNUMBER(Z3),ROUND(Z3*'Reference data'!$B$2,0),"Unknown") -> 255 | AD3: 177.959 | AE3: Subtree total
A4: run | B4: 2 | C4: workflow | E4: ok | G4: Execute the run workflow operation and pass its result to the next graph step. | H4: 01a11680-ba22-7802-b9c9-29600991c830 | I4: 01a11680-ba21-77e0-aaf6-9e38d559946a | J4: =IF(COUNT('Turns'!D5,'Turns'!D22)=2,SUM('Turns'!D5,'Turns'!D22),"Unknown") -> 7658 | K4: =IF(COUNT('Turns'!E5,'Turns'!E22)=2,SUM('Turns'!E5,'Turns'!E22),"Unknown") -> 0.0013474098 | L4: =IF(COUNT('Turns'!F5,'Turns'!F22)=2,SUM('Turns'!F5,'Turns'!F22),"Unknown") -> 0.0015316 | M4: =IF(COUNT('Turns'!D21)=1,SUM('Turns'!D21),"Unknown") -> 0 | N4: =IF(COUNT('Turns'!E21)=1,SUM('Turns'!E21),"Unknown") -> 0 | O4: =IF(COUNT('Turns'!F21)=1,SUM('Turns'!F21),"Unknown") -> 0 | P4: 0 | Q4: 0 | R4: 0 | S4: =IF(COUNT('Turns'!D12,'Turns'!D27)=2,SUM('Turns'!D12,'Turns'!D27),"Unknown") -> 846 | T4: =IF(COUNT('Turns'!E12,'Turns'!E27)=2,SUM('Turns'!E12,'Turns'!E27),"Unknown") -> 0.00089311205 | U4: =IF(COUNT('Turns'!F12,'Turns'!F27)=2,SUM('Turns'!F12,'Turns'!F27),"Unknown") -> 0.0010152 | V4: 0 | W4: 0 | X4: 0 | Y4: =IF(COUNT('Turns'!E16,'Turns'!E31)=2,SUM('Turns'!E16,'Turns'!E31),"Unknown") -> 0.0022405218 | Z4: =IF(COUNT('Turns'!F16,'Turns'!F31)=2,SUM('Turns'!F16,'Turns'!F31),"Unknown") -> 0.0025468 | AA4: =IF(ISNUMBER(Y4),ROUND(Y4*'Reference data'!$B$2,0),"Unknown") -> 224 | AB4: =IF(ISNUMBER(Z4),ROUND(Z4*'Reference data'!$B$2,0),"Unknown") -> 255 | AD4: 175.824 | AE4: Subtree total
A5: planner | B5: 3 | C5: workflow | E5: ok | G5: Execute the planner workflow operation and pass its result to the next graph step. | H5: 01a11680-ba23-7a80-bd84-5c89a39ed3aa | I5: 01a11680-ba22-7802-b9c9-29600991c830 | J5: =IF(COUNT('Turns'!D5,'Turns'!D22)=2,SUM('Turns'!D5,'Turns'!D22),"Unknown") -> 7658 | K5: =IF(COUNT('Turns'!E5,'Turns'!E22)=2,SUM('Turns'!E5,'Turns'!E22),"Unknown") -> 0.0013474098 | L5: =IF(COUNT('Turns'!F5,'Turns'!F22)=2,SUM('Turns'!F5,'Turns'!F22),"Unknown") -> 0.0015316 | M5: =IF(COUNT('Turns'!D21)=1,SUM('Turns'!D21),"Unknown") -> 0 | N5: =IF(COUNT('Turns'!E21)=1,SUM('Turns'!E21),"Unknown") -> 0 | O5: =IF(COUNT('Turns'!F21)=1,SUM('Turns'!F21),"Unknown") -> 0 | P5: 0 | Q5: 0 | R5: 0 | S5: =IF(COUNT('Turns'!D12,'Turns'!D27)=2,SUM('Turns'!D12,'Turns'!D27),"Unknown") -> 846 | T5: =IF(COUNT('Turns'!E12,'Turns'!E27)=2,SUM('Turns'!E12,'Turns'!E27),"Unknown") -> 0.00089311205 | U5: =IF(COUNT('Turns'!F12,'Turns'!F27)=2,SUM('Turns'!F12,'Turns'!F27),"Unknown") -> 0.0010152 | V5: 0 | W5: 0 | X5: 0 | Y5: =IF(COUNT('Turns'!E16,'Turns'!E31)=2,SUM('Turns'!E16,'Turns'!E31),"Unknown") -> 0.0022405218 | Z5: =IF(COUNT('Turns'!F16,'Turns'!F31)=2,SUM('Turns'!F16,'Turns'!F31),"Unknown") -> 0.0025468 | AA5: =IF(ISNUMBER(Y5),ROUND(Y5*'Reference data'!$B$2,0),"Unknown") -> 224 | AB5: =IF(ISNUMBER(Z5),ROUND(Z5*'Reference data'!$B$2,0),"Unknown") -> 255 | AD5: 174.634 | AE5: Subtree total
A6: SummarizationMiddleware.before_model | B6: 4 | C6: workflow | E6: ok | G6: Execute the SummarizationMiddleware.before_model workflow operation and pass its result to the next graph step. | H6: 01a11680-ba24-7c21-ac53-9b66f3af450a | I6: 01a11680-ba23-7a80-bd84-5c89a39ed3aa | AD6: 0.75 | AE6: No model charge
A7: model | B7: 4 | C7: workflow | E7: ok | G7: Prepare the current conversation, run model middleware, and invoke the chat model. | H7: 01a11680-ba26-75b1-bab6-1fbae44e8923 | I7: 01a11680-ba23-7a80-bd84-5c89a39ed3aa | J7: =IF(COUNT('Turns'!D5)=1,SUM('Turns'!D5),"Unknown") -> 3426 | K7: =IF(COUNT('Turns'!E5)=1,SUM('Turns'!E5),"Unknown") -> 0.00060279785 | L7: =IF(COUNT('Turns'!F5)=1,SUM('Turns'!F5),"Unknown") -> 0.0006852 | M7: 0 | N7: 0 | O7: 0 | P7: 0 | Q7: 0 | R7: 0 | S7: =IF(COUNT('Turns'!D12)=1,SUM('Turns'!D12),"Unknown") -> 773 | T7: =IF(COUNT('Turns'!E12)=1,SUM('Turns'!E12),"Unknown") -> 0.00081604682 | U7: =IF(COUNT('Turns'!F12)=1,SUM('Turns'!F12),"Unknown") -> 0.0009276 | V7: 0 | W7: 0 | X7: 0 | Y7: =IF(COUNT('Turns'!E16)=1,SUM('Turns'!E16),"Unknown") -> 0.0014188447 | Z7: =IF(COUNT('Turns'!F16)=1,SUM('Turns'!F16),"Unknown") -> 0.0016128 | AA7: =IF(ISNUMBER(Y7),ROUND(Y7*'Reference data'!$B$2,0),"Unknown") -> 142 | AB7: =IF(ISNUMBER(Z7),ROUND(Z7*'Reference data'!$B$2,0),"Unknown") -> 161 | AD7: 161.356 | AE7: Subtree total
A8: SimulatedModel | B8: 5 | C8: model | D8: scripted-chat | E8: ok | F8: 3426 | G8: Write and maintain the on-disk task plan. | H8: 01a11680-ba2a-7ed1-921e-253b3a50ca31 | I8: 01a11680-ba26-75b1-bab6-1fbae44e8923 | J8: =IF(COUNT('Turns'!D5)=1,SUM('Turns'!D5),"Unknown") -> 3426 | K8: =IF(COUNT('Turns'!E5)=1,SUM('Turns'!E5),"Unknown") -> 0.00060279785 | L8: =IF(COUNT('Turns'!F5)=1,SUM('Turns'!F5),"Unknown") -> 0.0006852 | M8: 0 | N8: 0 | O8: 0 | P8: 0 | Q8: 0 | R8: 0 | S8: =IF(COUNT('Turns'!D12)=1,SUM('Turns'!D12),"Unknown") -> 773 | T8: =IF(COUNT('Turns'!E12)=1,SUM('Turns'!E12),"Unknown") -> 0.00081604682 | U8: =IF(COUNT('Turns'!F12)=1,SUM('Turns'!F12),"Unknown") -> 0.0009276 | V8: 0 | W8: 0 | X8: 0 | Y8: =IF(COUNT('Turns'!E16)=1,SUM('Turns'!E16),"Unknown") -> 0.0014188447 | Z8: =IF(COUNT('Turns'!F16)=1,SUM('Turns'!F16),"Unknown") -> 0.0016128 | AA8: =IF(ISNUMBER(Y8),ROUND(Y8*'Reference data'!$B$2,0),"Unknown") -> 142 | AB8: =IF(ISNUMBER(Z8),ROUND(Z8*'Reference data'!$B$2,0),"Unknown") -> 161 | AC8: R1 | AD8: 155.627 | AE8: Own call
A9: tools | B9: 4 | C9: workflow | E9: ok | G9: Execute tool calls requested by the preceding model response and return their observations. | H9: 01a11680-bac8-7c70-8917-e99b48d6f457 | I9: 01a11680-ba23-7a80-bd84-5c89a39ed3aa | AD9: 2.659 | AE9: No model charge
A10: write_file | B10: 5 | C10: tool | E10: ok | G10: Writes content to a file. Creates the file if it does not exist; replaces it entirely if it does. Usage: - Use this tool when you intend to create a new file or replace the whole file. You do not need to read the file first. - Prefer to edit existing files (with the edit_file tool) over creating new ones when possible. | H10: 01a11680-baca-7f12-92a5-0ac9dce287bb | I10: 01a11680-bac8-7c70-8917-e99b48d6f457 | AD10: 0.885 | AE10: No model charge
A11: SummarizationMiddleware.before_model | B11: 4 | C11: workflow | E11: ok | G11: Execute the SummarizationMiddleware.before_model workflow operation and pass its result to the next graph step. | H11: 01a11680-bacc-72f1-83c4-3ebd0aed3e79 | I11: 01a11680-ba23-7a80-bd84-5c89a39ed3aa | AD11: 0.498 | AE11: No model charge
A12: model | B12: 4 | C12: workflow | E12: ok | G12: Prepare the current conversation, run model middleware, and invoke the chat model. | H12: 01a11680-bacd-7ac0-8c2c-29f958b2af6c | I12: 01a11680-ba23-7a80-bd84-5c89a39ed3aa | J12: =IF(COUNT('Turns'!D22)=1,SUM('Turns'!D22),"Unknown") -> 4232 | K12: =IF(COUNT('Turns'!E22)=1,SUM('Turns'!E22),"Unknown") -> 0.00074461194 | L12: =IF(COUNT('Turns'!F22)=1,SUM('Turns'!F22),"Unknown") -> 0.0008464 | M12: =IF(COUNT('Turns'!D21)=1,SUM('Turns'!D21),"Unknown") -> 0 | N12: =IF(COUNT('Turns'!E21)=1,SUM('Turns'!E21),"Unknown") -> 0 | O12: =IF(COUNT('Turns'!F21)=1,SUM('Turns'!F21),"Unknown") -> 0 | P12: 0 | Q12: 0 | R12: 0 | S12: =IF(COUNT('Turns'!D27)=1,SUM('Turns'!D27),"Unknown") -> 73 | T12: =IF(COUNT('Turns'!E27)=1,SUM('Turns'!E27),"Unknown") -> 7.7065224e-05 | U12: =IF(COUNT('Turns'!F27)=1,SUM('Turns'!F27),"Unknown") -> 8.76e-05 | V12: 0 | W12: 0 | X12: 0 | Y12: =IF(COUNT('Turns'!E31)=1,SUM('Turns'!E31),"Unknown") -> 0.00082167716 | Z12: =IF(COUNT('Turns'!F31)=1,SUM('Turns'!F31),"Unknown") -> 0.000934 | AA12: =IF(ISNUMBER(Y12),ROUND(Y12*'Reference data'!$B$2,0),"Unknown") -> 82 | AB12: =IF(ISNUMBER(Z12),ROUND(Z12*'Reference data'!$B$2,0),"Unknown") -> 93 | AD12: 4.513 | AE12: Subtree total
A13: SimulatedModel | B13: 5 | C13: model | D13: scripted-chat | E13: ok | F13: 4232 | G13: Write and maintain the on-disk task plan. | H13: 01a11680-bace-7ff1-8eda-cf49e5e80a45 | I13: 01a11680-bacd-7ac0-8c2c-29f958b2af6c | J13: =IF(COUNT('Turns'!D22)=1,SUM('Turns'!D22),"Unknown") -> 4232 | K13: =IF(COUNT('Turns'!E22)=1,SUM('Turns'!E22),"Unknown") -> 0.00074461194 | L13: =IF(COUNT('Turns'!F22)=1,SUM('Turns'!F22),"Unknown") -> 0.0008464 | M13: =IF(COUNT('Turns'!D21)=1,SUM('Turns'!D21),"Unknown") -> 0 | N13: =IF(COUNT('Turns'!E21)=1,SUM('Turns'!E21),"Unknown") -> 0 | O13: =IF(COUNT('Turns'!F21)=1,SUM('Turns'!F21),"Unknown") -> 0 | P13: 0 | Q13: 0 | R13: 0 | S13: =IF(COUNT('Turns'!D27)=1,SUM('Turns'!D27),"Unknown") -> 73 | T13: =IF(COUNT('Turns'!E27)=1,SUM('Turns'!E27),"Unknown") -> 7.7065224e-05 | U13: =IF(COUNT('Turns'!F27)=1,SUM('Turns'!F27),"Unknown") -> 8.76e-05 | V13: 0 | W13: 0 | X13: 0 | Y13: =IF(COUNT('Turns'!E31)=1,SUM('Turns'!E31),"Unknown") -> 0.00082167716 | Z13: =IF(COUNT('Turns'!F31)=1,SUM('Turns'!F31),"Unknown") -> 0.000934 | AA13: =IF(ISNUMBER(Y13),ROUND(Y13*'Reference data'!$B$2,0),"Unknown") -> 82 | AB13: =IF(ISNUMBER(Z13),ROUND(Z13*'Reference data'!$B$2,0),"Unknown") -> 93 | AC13: R2 | AD13: 2.498 | AE13: Own call
A14: dispatch | B14: 2 | C14: workflow | E14: ok | G14: Execute the dispatch workflow operation and pass its result to the next graph step. | H14: 01a11680-bad3-7b82-af08-2a8b47e757ba | I14: 01a11680-ba21-77e0-aaf6-9e38d559946a | AD14: 0.268 | AE14: No model charge
A15: working_step | B15: 1 | C15: workflow | E15: ok | G15: Execute the working_step workflow operation and pass its result to the next graph step. | H15: 01a11680-bad4-79c2-9d70-1ef1b9c83b94 | I15: 01a11680-ba1e-7011-aaec-e09a34196f5c | J15: =IF(COUNT('Turns'!D33,'Turns'!D50,'Turns'!D65)=3,SUM('Turns'!D33,'Turns'!D50,'Turns'!D65),"Unknown") -> 14782 | K15: =IF(COUNT('Turns'!E33,'Turns'!E50,'Turns'!E65)=3,SUM('Turns'!E33,'Turns'!E50,'Turns'!E65),"Unknown") -> 0.0026008633 | L15: =IF(COUNT('Turns'!F33,'Turns'!F50,'Turns'!F65)=3,SUM('Turns'!F33,'Turns'!F50,'Turns'!F65),"Unknown") -> 0.0029564 | M15: =IF(COUNT('Turns'!D49,'Turns'!D64)=2,SUM('Turns'!D49,'Turns'!D64),"Unknown") -> 0 | N15: =IF(COUNT('Turns'!E49,'Turns'!E64)=2,SUM('Turns'!E49,'Turns'!E64),"Unknown") -> 0 | O15: =IF(COUNT('Turns'!F49,'Turns'!F64)=2,SUM('Turns'!F49,'Turns'!F64),"Unknown") -> 0 | P15: 0 | Q15: 0 | R15: 0 | S15: =IF(COUNT('Turns'!D40,'Turns'!D55,'Turns'!D70)=3,SUM('Turns'!D40,'Turns'!D55,'Turns'!D70),"Unknown") -> 372 | T15: =IF(COUNT('Turns'!E40,'Turns'!E55,'Turns'!E70)=3,SUM('Turns'!E40,'Turns'!E55,'Turns'!E70),"Unknown") -> 0.00039271594 | U15: =IF(COUNT('Turns'!F40,'Turns'!F55,'Turns'!F70)=3,SUM('Turns'!F40,'Turns'!F55,'Turns'!F70),"Unknown") -> 0.0004464 | V15: 0 | W15: 0 | X15: 0 | Y15: =IF(COUNT('Turns'!E44,'Turns'!E59,'Turns'!E74)=3,SUM('Turns'!E44,'Turns'!E59,'Turns'!E74),"Unknown") -> 0.0029935793 | Z15: =IF(COUNT('Turns'!F44,'Turns'!F59,'Turns'!F74)=3,SUM('Turns'!F44,'Turns'!F59,'Turns'!F74),"Unknown") -> 0.0034028 | AA15: =IF(ISNUMBER(Y15),ROUND(Y15*'Reference data'!$B$2,0),"Unknown") -> 299 | AB15: =IF(ISNUMBER(Z15),ROUND(Z15*'Reference data'!$B$2,0),"Unknown") -> 340 | AD15: 33.227 | AE15: Subtree total
A16: run | B16: 2 | C16: workflow | E16: ok | G16: Execute the run workflow operation and pass its result to the next graph step. | H16: 01a11680-bad4-79c2-9d70-1f07253ba154 | I16: 01a11680-bad4-79c2-9d70-1ef1b9c83b94 | J16: =IF(COUNT('Turns'!D33,'Turns'!D50,'Turns'!D65)=3,SUM('Turns'!D33,'Turns'!D50,'Turns'!D65),"Unknown") -> 14782 | K16: =IF(COUNT('Turns'!E33,'Turns'!E50,'Turns'!E65)=3,SUM('Turns'!E33,'Turns'!E50,'Turns'!E65),"Unknown") -> 0.0026008633 | L16: =IF(COUNT('Turns'!F33,'Turns'!F50,'Turns'!F65)=3,SUM('Turns'!F33,'Turns'!F50,'Turns'!F65),"Unknown") -> 0.0029564 | M16: =IF(COUNT('Turns'!D49,'Turns'!D64)=2,SUM('Turns'!D49,'Turns'!D64),"Unknown") -> 0 | N16: =IF(COUNT('Turns'!E49,'Turns'!E64)=2,SUM('Turns'!E49,'Turns'!E64),"Unknown") -> 0 | O16: =IF(COUNT('Turns'!F49,'Turns'!F64)=2,SUM('Turns'!F49,'Turns'!F64),"Unknown") -> 0 | P16: 0 | Q16: 0 | R16: 0 | S16: =IF(COUNT('Turns'!D40,'Turns'!D55,'Turns'!D70)=3,SUM('Turns'!D40,'Turns'!D55,'Turns'!D70),"Unknown") -> 372 | T16: =IF(COUNT('Turns'!E40,'Turns'!E55,'Turns'!E70)=3,SUM('Turns'!E40,'Turns'!E55,'Turns'!E70),"Unknown") -> 0.00039271594 | U16: =IF(COUNT('Turns'!F40,'Turns'!F55,'Turns'!F70)=3,SUM('Turns'!F40,'Turns'!F55,'Turns'!F70),"Unknown") -> 0.0004464 | V16: 0 | W16: 0 | X16: 0 | Y16: =IF(COUNT('Turns'!E44,'Turns'!E59,'Turns'!E74)=3,SUM('Turns'!E44,'Turns'!E59,'Turns'!E74),"Unknown") -> 0.0029935793 | Z16: =IF(COUNT('Turns'!F44,'Turns'!F59,'Turns'!F74)=3,SUM('Turns'!F44,'Turns'!F59,'Turns'!F74),"Unknown") -> 0.0034028 | AA16: =IF(ISNUMBER(Y16),ROUND(Y16*'Reference data'!$B$2,0),"Unknown") -> 299 | AB16: =IF(ISNUMBER(Z16),ROUND(Z16*'Reference data'!$B$2,0),"Unknown") -> 340 | AD16: 32.595 | AE16: Subtree total
A17: worker | B17: 3 | C17: workflow | E17: ok | G17: Execute the worker workflow operation and pass its result to the next graph step. | H17: 01a11680-bad5-7b13-80fb-5d127022b783 | I17: 01a11680-bad4-79c2-9d70-1f07253ba154 | J17: =IF(COUNT('Turns'!D33,'Turns'!D50,'Turns'!D65)=3,SUM('Turns'!D33,'Turns'!D50,'Turns'!D65),"Unknown") -> 14782 | K17: =IF(COUNT('Turns'!E33,'Turns'!E50,'Turns'!E65)=3,SUM('Turns'!E33,'Turns'!E50,'Turns'!E65),"Unknown") -> 0.0026008633 | L17: =IF(COUNT('Turns'!F33,'Turns'!F50,'Turns'!F65)=3,SUM('Turns'!F33,'Turns'!F50,'Turns'!F65),"Unknown") -> 0.0029564 | M17: =IF(COUNT('Turns'!D49,'Turns'!D64)=2,SUM('Turns'!D49,'Turns'!D64),"Unknown") -> 0 | N17: =IF(COUNT('Turns'!E49,'Turns'!E64)=2,SUM('Turns'!E49,'Turns'!E64),"Unknown") -> 0 | O17: =IF(COUNT('Turns'!F49,'Turns'!F64)=2,SUM('Turns'!F49,'Turns'!F64),"Unknown") -> 0 | P17: 0 | Q17: 0 | R17: 0 | S17: =IF(COUNT('Turns'!D40,'Turns'!D55,'Turns'!D70)=3,SUM('Turns'!D40,'Turns'!D55,'Turns'!D70),"Unknown") -> 372 | T17: =IF(COUNT('Turns'!E40,'Turns'!E55,'Turns'!E70)=3,SUM('Turns'!E40,'Turns'!E55,'Turns'!E70),"Unknown") -> 0.00039271594 | U17: =IF(COUNT('Turns'!F40,'Turns'!F55,'Turns'!F70)=3,SUM('Turns'!F40,'Turns'!F55,'Turns'!F70),"Unknown") -> 0.0004464 | V17: 0 | W17: 0 | X17: 0 | Y17: =IF(COUNT('Turns'!E44,'Turns'!E59,'Turns'!E74)=3,SUM('Turns'!E44,'Turns'!E59,'Turns'!E74),"Unknown") -> 0.0029935793 | Z17: =IF(COUNT('Turns'!F44,'Turns'!F59,'Turns'!F74)=3,SUM('Turns'!F44,'Turns'!F59,'Turns'!F74),"Unknown") -> 0.0034028 | AA17: =IF(ISNUMBER(Y17),ROUND(Y17*'Reference data'!$B$2,0),"Unknown") -> 299 | AB17: =IF(ISNUMBER(Z17),ROUND(Z17*'Reference data'!$B$2,0),"Unknown") -> 340 | AD17: 31.899 | AE17: Subtree total
A18: SummarizationMiddleware.before_model | B18: 4 | C18: workflow | E18: ok | G18: Execute the SummarizationMiddleware.before_model workflow operation and pass its result to the next graph step. | H18: 01a11680-bad5-7b13-80fb-5d25b656b6b0 | I18: 01a11680-bad5-7b13-80fb-5d127022b783 | AD18: 0.508 | AE18: No model charge
A19: model | B19: 4 | C19: workflow | E19: ok | G19: Prepare the current conversation, run model middleware, and invoke the chat model. | H19: 01a11680-bad6-7cc0-873c-5a1c21c251c4 | I19: 01a11680-bad5-7b13-80fb-5d127022b783 | J19: =IF(COUNT('Turns'!D33)=1,SUM('Turns'!D33),"Unknown") -> 4285 | K19: =IF(COUNT('Turns'!E33)=1,SUM('Turns'!E33),"Unknown") -> 0.00075393718 | L19: =IF(COUNT('Turns'!F33)=1,SUM('Turns'!F33),"Unknown") -> 0.000857 | M19: 0 | N19: 0 | O19: 0 | P19: 0 | Q19: 0 | R19: 0 | S19: =IF(COUNT('Turns'!D40)=1,SUM('Turns'!D40),"Unknown") -> 56 | T19: =IF(COUNT('Turns'!E40)=1,SUM('Turns'!E40),"Unknown") -> 5.9118528e-05 | U19: =IF(COUNT('Turns'!F40)=1,SUM('Turns'!F40),"Unknown") -> 6.72e-05 | V19: 0 | W19: 0 | X19: 0 | Y19: =IF(COUNT('Turns'!E44)=1,SUM('Turns'!E44),"Unknown") -> 0.00081305571 | Z19: =IF(COUNT('Turns'!F44)=1,SUM('Turns'!F44),"Unknown") -> 0.0009242 | AA19: =IF(ISNUMBER(Y19),ROUND(Y19*'Reference data'!$B$2,0),"Unknown") -> 81 | AB19: =IF(ISNUMBER(Z19),ROUND(Z19*'Reference data'!$B$2,0),"Unknown") -> 92 | AD19: 7.012 | AE19: Subtree total
A20: SimulatedModel | B20: 5 | C20: model | D20: scripted-chat | E20: ok | F20: 4285 | G20: Implement tasks and hand evidence to the planner. | H20: 01a11680-bad9-7c43-bbf3-55eafafd586b | I20: 01a11680-bad6-7cc0-873c-5a1c21c251c4 | J20: =IF(COUNT('Turns'!D33)=1,SUM('Turns'!D33),"Unknown") -> 4285 | K20: =IF(COUNT('Turns'!E33)=1,SUM('Turns'!E33),"Unknown") -> 0.00075393718 | L20: =IF(COUNT('Turns'!F33)=1,SUM('Turns'!F33),"Unknown") -> 0.000857 | M20: 0 | N20: 0 | O20: 0 | P20: 0 | Q20: 0 | R20: 0 | S20: =IF(COUNT('Turns'!D40)=1,SUM('Turns'!D40),"Unknown") -> 56 | T20: =IF(COUNT('Turns'!E40)=1,SUM('Turns'!E40),"Unknown") -> 5.9118528e-05 | U20: =IF(COUNT('Turns'!F40)=1,SUM('Turns'!F40),"Unknown") -> 6.72e-05 | V20: 0 | W20: 0 | X20: 0 | Y20: =IF(COUNT('Turns'!E44)=1,SUM('Turns'!E44),"Unknown") -> 0.00081305571 | Z20: =IF(COUNT('Turns'!F44)=1,SUM('Turns'!F44),"Unknown") -> 0.0009242 | AA20: =IF(ISNUMBER(Y20),ROUND(Y20*'Reference data'!$B$2,0),"Unknown") -> 81 | AB20: =IF(ISNUMBER(Z20),ROUND(Z20*'Reference data'!$B$2,0),"Unknown") -> 92 | AC20: R3 | AD20: 3.094 | AE20: Own call
A21: tools | B21: 4 | C21: workflow | E21: ok | G21: Execute tool calls requested by the preceding model response and return their observations. | H21: 01a11680-bade-7473-a479-353e87d9e032 | I21: 01a11680-bad5-7b13-80fb-5d127022b783 | AD21: 4.682 | AE21: No model charge
A22: read_file | B22: 5 | C22: tool | E22: ok | G22: Reads a file from the filesystem. Assume any path the user provides is valid; reading a missing file returns an error. Usage: - By default, it reads up to 100 lines starting from the beginning of the file. Use `offset`/`limit` to page through large files instead of reading them whole. - A status header, `@@ field | field | ... @@`, sits above the file content, and every line after it is verbatim file content. When content is truncated, there may be an explanation before the header. Never include the header when editing. - Speculatively batch multiple `read_file` calls in one response when several files may be useful. - An empty file returns a system-reminder warning in place of contents. - Large tool results may be offloaded to a file; the tool message gives the path. Read that path here, paging with `offset`/`limit`. - Images (`.png`, `.jpg`, etc.), audio, video, and PDFs return multimodal content blocks (https://docs.langchain.com/oss/python/langchain/messages#multimodal). - For images and PDFs, pagination via `offset`/`limit` is text-only - supply `file_path` only - Always read a file before editing it. | H22: 01a11680-badf-79b2-91b4-668bad3093df | I22: 01a11680-bade-7473-a479-353e87d9e032 | AD22: 3.598 | AE22: No model charge
A23: SummarizationMiddleware.before_model | B23: 4 | C23: workflow | E23: ok | G23: Execute the SummarizationMiddleware.before_model workflow operation and pass its result to the next graph step. | H23: 01a11680-bae3-7b52-a930-6fb62a85c821 | I23: 01a11680-bad5-7b13-80fb-5d127022b783 | AD23: 0.792 | AE23: No model charge
A24: model | B24: 4 | C24: workflow | E24: ok | G24: Prepare the current conversation, run model middleware, and invoke the chat model. | H24: 01a11680-bae5-7220-8daa-7872d47307ab | I24: 01a11680-bad5-7b13-80fb-5d127022b783 | J24: =IF(COUNT('Turns'!D50)=1,SUM('Turns'!D50),"Unknown") -> 5092 | K24: =IF(COUNT('Turns'!E50)=1,SUM('Turns'!E50),"Unknown") -> 0.00089592722 | L24: =IF(COUNT('Turns'!F50)=1,SUM('Turns'!F50),"Unknown") -> 0.0010184 | M24: =IF(COUNT('Turns'!D49)=1,SUM('Turns'!D49),"Unknown") -> 0 | N24: =IF(COUNT('Turns'!E49)=1,SUM('Turns'!E49),"Unknown") -> 0 | O24: =IF(COUNT('Turns'!F49)=1,SUM('Turns'!F49),"Unknown") -> 0 | P24: 0 | Q24: 0 | R24: 0 | S24: =IF(COUNT('Turns'!D55)=1,SUM('Turns'!D55),"Unknown") -> 280 | T24: =IF(COUNT('Turns'!E55)=1,SUM('Turns'!E55),"Unknown") -> 0.00029559264 | U24: =IF(COUNT('Turns'!F55)=1,SUM('Turns'!F55),"Unknown") -> 0.000336 | V24: 0 | W24: 0 | X24: 0 | Y24: =IF(COUNT('Turns'!E59)=1,SUM('Turns'!E59),"Unknown") -> 0.0011915199 | Z24: =IF(COUNT('Turns'!F59)=1,SUM('Turns'!F59),"Unknown") -> 0.0013544 | AA24: =IF(ISNUMBER(Y24),ROUND(Y24*'Reference data'!$B$2,0),"Unknown") -> 119 | AB24: =IF(ISNUMBER(Z24),ROUND(Z24*'Reference data'!$B$2,0),"Unknown") -> 135 | AD24: 6.165 | AE24: Subtree total
A25: SimulatedModel | B25: 5 | C25: model | D25: scripted-chat | E25: ok | F25: 5092 | G25: Implement tasks and hand evidence to the planner. | H25: 01a11680-bae6-76c2-8e2d-ebcecdf59598 | I25: 01a11680-bae5-7220-8daa-7872d47307ab | J25: =IF(COUNT('Turns'!D50)=1,SUM('Turns'!D50),"Unknown") -> 5092 | K25: =IF(COUNT('Turns'!E50)=1,SUM('Turns'!E50),"Unknown") -> 0.00089592722 | L25: =IF(COUNT('Turns'!F50)=1,SUM('Turns'!F50),"Unknown") -> 0.0010184 | M25: =IF(COUNT('Turns'!D49)=1,SUM('Turns'!D49),"Unknown") -> 0 | N25: =IF(COUNT('Turns'!E49)=1,SUM('Turns'!E49),"Unknown") -> 0 | O25: =IF(COUNT('Turns'!F49)=1,SUM('Turns'!F49),"Unknown") -> 0 | P25: 0 | Q25: 0 | R25: 0 | S25: =IF(COUNT('Turns'!D55)=1,SUM('Turns'!D55),"Unknown") -> 280 | T25: =IF(COUNT('Turns'!E55)=1,SUM('Turns'!E55),"Unknown") -> 0.00029559264 | U25: =IF(COUNT('Turns'!F55)=1,SUM('Turns'!F55),"Unknown") -> 0.000336 | V25: 0 | W25: 0 | X25: 0 | Y25: =IF(COUNT('Turns'!E59)=1,SUM('Turns'!E59),"Unknown") -> 0.0011915199 | Z25: =IF(COUNT('Turns'!F59)=1,SUM('Turns'!F59),"Unknown") -> 0.0013544 | AA25: =IF(ISNUMBER(Y25),ROUND(Y25*'Reference data'!$B$2,0),"Unknown") -> 119 | AB25: =IF(ISNUMBER(Z25),ROUND(Z25*'Reference data'!$B$2,0),"Unknown") -> 135 | AC25: R4 | AD25: 4.105 | AE25: Own call
A26: tools | B26: 4 | C26: workflow | E26: ok | G26: Execute tool calls requested by the preceding model response and return their observations. | H26: 01a11680-baeb-7a12-97f7-447b004c4182 | I26: 01a11680-bad5-7b13-80fb-5d127022b783 | AD26: 1.961 | AE26: No model charge
A27: write_file | B27: 5 | C27: tool | E27: ok | G27: Writes content to a file. Creates the file if it does not exist; replaces it entirely if it does. Usage: - Use this tool when you intend to create a new file or replace the whole file. You do not need to read the file first. - Prefer to edit existing files (with the edit_file tool) over creating new ones when possible. | H27: 01a11680-baec-74b1-bf4d-e84c2cd8b741 | I27: 01a11680-baeb-7a12-97f7-447b004c4182 | AD27: 0.819 | AE27: No model charge
A28: SummarizationMiddleware.before_model | B28: 4 | C28: workflow | E28: ok | G28: Execute the SummarizationMiddleware.before_model workflow operation and pass its result to the next graph step. | H28: 01a11680-baee-7873-b482-1a008a947f92 | I28: 01a11680-bad5-7b13-80fb-5d127022b783 | AD28: 0.559 | AE28: No model charge
A29: model | B29: 4 | C29: workflow | E29: ok | G29: Prepare the current conversation, run model middleware, and invoke the chat model. | H29: 01a11680-baef-75e3-993e-79a335039e1d | I29: 01a11680-bad5-7b13-80fb-5d127022b783 | J29: =IF(COUNT('Turns'!D65)=1,SUM('Turns'!D65),"Unknown") -> 5405 | K29: =IF(COUNT('Turns'!E65)=1,SUM('Turns'!E65),"Unknown") -> 0.00095099894 | L29: =IF(COUNT('Turns'!F65)=1,SUM('Turns'!F65),"Unknown") -> 0.001081 | M29: =IF(COUNT('Turns'!D64)=1,SUM('Turns'!D64),"Unknown") -> 0 | N29: =IF(COUNT('Turns'!E64)=1,SUM('Turns'!E64),"Unknown") -> 0 | O29: =IF(COUNT('Turns'!F64)=1,SUM('Turns'!F64),"Unknown") -> 0 | P29: 0 | Q29: 0 | R29: 0 | S29: =IF(COUNT('Turns'!D70)=1,SUM('Turns'!D70),"Unknown") -> 36 | T29: =IF(COUNT('Turns'!E70)=1,SUM('Turns'!E70),"Unknown") -> 3.8004768e-05 | U29: =IF(COUNT('Turns'!F70)=1,SUM('Turns'!F70),"Unknown") -> 4.32e-05 | V29: 0 | W29: 0 | X29: 0 | Y29: =IF(COUNT('Turns'!E74)=1,SUM('Turns'!E74),"Unknown") -> 0.00098900371 | Z29: =IF(COUNT('Turns'!F74)=1,SUM('Turns'!F74),"Unknown") -> 0.0011242 | AA29: =IF(ISNUMBER(Y29),ROUND(Y29*'Reference data'!$B$2,0),"Unknown") -> 99 | AB29: =IF(ISNUMBER(Z29),ROUND(Z29*'Reference data'!$B$2,0),"Unknown") -> 112 | AD29: 4.967 | AE29: Subtree total
A30: SimulatedModel | B30: 5 | C30: model | D30: scripted-chat | E30: ok | F30: 5405 | G30: Implement tasks and hand evidence to the planner. | H30: 01a11680-baf0-7a62-9cdc-77c9a266618d | I30: 01a11680-baef-75e3-993e-79a335039e1d | J30: =IF(COUNT('Turns'!D65)=1,SUM('Turns'!D65),"Unknown") -> 5405 | K30: =IF(COUNT('Turns'!E65)=1,SUM('Turns'!E65),"Unknown") -> 0.00095099894 | L30: =IF(COUNT('Turns'!F65)=1,SUM('Turns'!F65),"Unknown") -> 0.001081 | M30: =IF(COUNT('Turns'!D64)=1,SUM('Turns'!D64),"Unknown") -> 0 | N30: =IF(COUNT('Turns'!E64)=1,SUM('Turns'!E64),"Unknown") -> 0 | O30: =IF(COUNT('Turns'!F64)=1,SUM('Turns'!F64),"Unknown") -> 0 | P30: 0 | Q30: 0 | R30: 0 | S30: =IF(COUNT('Turns'!D70)=1,SUM('Turns'!D70),"Unknown") -> 36 | T30: =IF(COUNT('Turns'!E70)=1,SUM('Turns'!E70),"Unknown") -> 3.8004768e-05 | U30: =IF(COUNT('Turns'!F70)=1,SUM('Turns'!F70),"Unknown") -> 4.32e-05 | V30: 0 | W30: 0 | X30: 0 | Y30: =IF(COUNT('Turns'!E74)=1,SUM('Turns'!E74),"Unknown") -> 0.00098900371 | Z30: =IF(COUNT('Turns'!F74)=1,SUM('Turns'!F74),"Unknown") -> 0.0011242 | AA30: =IF(ISNUMBER(Y30),ROUND(Y30*'Reference data'!$B$2,0),"Unknown") -> 99 | AB30: =IF(ISNUMBER(Z30),ROUND(Z30*'Reference data'!$B$2,0),"Unknown") -> 112 | AC30: R5 | AD30: 3.013 | AE30: Own call
A31: test_step | B31: 1 | C31: workflow | E31: ok | G31: Execute the test_step workflow operation and pass its result to the next graph step. | H31: 01a11680-baf6-7f30-9dfc-ada2eb77be8b | I31: 01a11680-ba1e-7011-aaec-e09a34196f5c | AD31: 0.361 | AE31: No model charge
A32: review_step | B32: 1 | C32: workflow | E32: ok | G32: Execute the review_step workflow operation and pass its result to the next graph step. | H32: 01a11680-baf7-7833-9ffd-aa7017c73940 | I32: 01a11680-ba1e-7011-aaec-e09a34196f5c | J32: =IF(COUNT('Turns'!D76,'Turns'!D92,'Turns'!D107)=3,SUM('Turns'!D76,'Turns'!D92,'Turns'!D107),"Unknown") -> 6569 | K32: =IF(COUNT('Turns'!E76,'Turns'!E92,'Turns'!E107)=3,SUM('Turns'!E76,'Turns'!E92,'Turns'!E107),"Unknown") -> 0.0011558024 | L32: =IF(COUNT('Turns'!F76,'Turns'!F92,'Turns'!F107)=3,SUM('Turns'!F76,'Turns'!F92,'Turns'!F107),"Unknown") -> 0.0013138 | M32: =IF(COUNT('Turns'!D91,'Turns'!D106)=2,SUM('Turns'!D91,'Turns'!D106),"Unknown") -> 0 | N32: =IF(COUNT('Turns'!E91,'Turns'!E106)=2,SUM('Turns'!E91,'Turns'!E106),"Unknown") -> 0 | O32: =IF(COUNT('Turns'!F91,'Turns'!F106)=2,SUM('Turns'!F91,'Turns'!F106),"Unknown") -> 0 | P32: 0 | Q32: 0 | R32: 0 | S32: =IF(COUNT('Turns'!D82,'Turns'!D97,'Turns'!D112)=3,SUM('Turns'!D82,'Turns'!D97,'Turns'!D112),"Unknown") -> 189 | T32: =IF(COUNT('Turns'!E82,'Turns'!E97,'Turns'!E112)=3,SUM('Turns'!E82,'Turns'!E97,'Turns'!E112),"Unknown") -> 0.00019952503 | U32: =IF(COUNT('Turns'!F82,'Turns'!F97,'Turns'!F112)=3,SUM('Turns'!F82,'Turns'!F97,'Turns'!F112),"Unknown") -> 0.0002268 | V32: 0 | W32: 0 | X32: 0 | Y32: =IF(COUNT('Turns'!E86,'Turns'!E101,'Turns'!E116)=3,SUM('Turns'!E86,'Turns'!E101,'Turns'!E116),"Unknown") -> 0.0013553274 | Z32: =IF(COUNT('Turns'!F86,'Turns'!F101,'Turns'!F116)=3,SUM('Turns'!F86,'Turns'!F101,'Turns'!F116),"Unknown") -> 0.0015406 | AA32: =IF(ISNUMBER(Y32),ROUND(Y32*'Reference data'!$B$2,0),"Unknown") -> 136 | AB32: =IF(ISNUMBER(Z32),ROUND(Z32*'Reference data'!$B$2,0),"Unknown") -> 154 | AD32: 22.074 | AE32: Subtree total
A33: run | B33: 2 | C33: workflow | E33: ok | G33: Execute the run workflow operation and pass its result to the next graph step. | H33: 01a11680-baf7-7833-9ffd-aa8e61f2ebd0 | I33: 01a11680-baf7-7833-9ffd-aa7017c73940 | J33: =IF(COUNT('Turns'!D76,'Turns'!D92,'Turns'!D107)=3,SUM('Turns'!D76,'Turns'!D92,'Turns'!D107),"Unknown") -> 6569 | K33: =IF(COUNT('Turns'!E76,'Turns'!E92,'Turns'!E107)=3,SUM('Turns'!E76,'Turns'!E92,'Turns'!E107),"Unknown") -> 0.0011558024 | L33: =IF(COUNT('Turns'!F76,'Turns'!F92,'Turns'!F107)=3,SUM('Turns'!F76,'Turns'!F92,'Turns'!F107),"Unknown") -> 0.0013138 | M33: =IF(COUNT('Turns'!D91,'Turns'!D106)=2,SUM('Turns'!D91,'Turns'!D106),"Unknown") -> 0 | N33: =IF(COUNT('Turns'!E91,'Turns'!E106)=2,SUM('Turns'!E91,'Turns'!E106),"Unknown") -> 0 | O33: =IF(COUNT('Turns'!F91,'Turns'!F106)=2,SUM('Turns'!F91,'Turns'!F106),"Unknown") -> 0 | P33: 0 | Q33: 0 | R33: 0 | S33: =IF(COUNT('Turns'!D82,'Turns'!D97,'Turns'!D112)=3,SUM('Turns'!D82,'Turns'!D97,'Turns'!D112),"Unknown") -> 189 | T33: =IF(COUNT('Turns'!E82,'Turns'!E97,'Turns'!E112)=3,SUM('Turns'!E82,'Turns'!E97,'Turns'!E112),"Unknown") -> 0.00019952503 | U33: =IF(COUNT('Turns'!F82,'Turns'!F97,'Turns'!F112)=3,SUM('Turns'!F82,'Turns'!F97,'Turns'!F112),"Unknown") -> 0.0002268 | V33: 0 | W33: 0 | X33: 0 | Y33: =IF(COUNT('Turns'!E86,'Turns'!E101,'Turns'!E116)=3,SUM('Turns'!E86,'Turns'!E101,'Turns'!E116),"Unknown") -> 0.0013553274 | Z33: =IF(COUNT('Turns'!F86,'Turns'!F101,'Turns'!F116)=3,SUM('Turns'!F86,'Turns'!F101,'Turns'!F116),"Unknown") -> 0.0015406 | AA33: =IF(ISNUMBER(Y33),ROUND(Y33*'Reference data'!$B$2,0),"Unknown") -> 136 | AB33: =IF(ISNUMBER(Z33),ROUND(Z33*'Reference data'!$B$2,0),"Unknown") -> 154 | AD33: 20.812 | AE33: Subtree total
A34: isolated-reviewer | B34: 3 | C34: workflow | E34: ok | G34: Execute the isolated-reviewer workflow operation and pass its result to the next graph step. | H34: 01a11680-baf8-7530-a6ea-105ec259e178 | I34: 01a11680-baf7-7833-9ffd-aa8e61f2ebd0 | J34: =IF(COUNT('Turns'!D76,'Turns'!D92,'Turns'!D107)=3,SUM('Turns'!D76,'Turns'!D92,'Turns'!D107),"Unknown") -> 6569 | K34: =IF(COUNT('Turns'!E76,'Turns'!E92,'Turns'!E107)=3,SUM('Turns'!E76,'Turns'!E92,'Turns'!E107),"Unknown") -> 0.0011558024 | L34: =IF(COUNT('Turns'!F76,'Turns'!F92,'Turns'!F107)=3,SUM('Turns'!F76,'Turns'!F92,'Turns'!F107),"Unknown") -> 0.0013138 | M34: =IF(COUNT('Turns'!D91,'Turns'!D106)=2,SUM('Turns'!D91,'Turns'!D106),"Unknown") -> 0 | N34: =IF(COUNT('Turns'!E91,'Turns'!E106)=2,SUM('Turns'!E91,'Turns'!E106),"Unknown") -> 0 | O34: =IF(COUNT('Turns'!F91,'Turns'!F106)=2,SUM('Turns'!F91,'Turns'!F106),"Unknown") -> 0 | P34: 0 | Q34: 0 | R34: 0 | S34: =IF(COUNT('Turns'!D82,'Turns'!D97,'Turns'!D112)=3,SUM('Turns'!D82,'Turns'!D97,'Turns'!D112),"Unknown") -> 189 | T34: =IF(COUNT('Turns'!E82,'Turns'!E97,'Turns'!E112)=3,SUM('Turns'!E82,'Turns'!E97,'Turns'!E112),"Unknown") -> 0.00019952503 | U34: =IF(COUNT('Turns'!F82,'Turns'!F97,'Turns'!F112)=3,SUM('Turns'!F82,'Turns'!F97,'Turns'!F112),"Unknown") -> 0.0002268 | V34: 0 | W34: 0 | X34: 0 | Y34: =IF(COUNT('Turns'!E86,'Turns'!E101,'Turns'!E116)=3,SUM('Turns'!E86,'Turns'!E101,'Turns'!E116),"Unknown") -> 0.0013553274 | Z34: =IF(COUNT('Turns'!F86,'Turns'!F101,'Turns'!F116)=3,SUM('Turns'!F86,'Turns'!F101,'Turns'!F116),"Unknown") -> 0.0015406 | AA34: =IF(ISNUMBER(Y34),ROUND(Y34*'Reference data'!$B$2,0),"Unknown") -> 136 | AB34: =IF(ISNUMBER(Z34),ROUND(Z34*'Reference data'!$B$2,0),"Unknown") -> 154 | AD34: 19.968 | AE34: Subtree total
A35: model | B35: 4 | C35: workflow | E35: ok | G35: Prepare the current conversation, run model middleware, and invoke the chat model. | H35: 01a11680-baf8-7530-a6ea-106b4cc75488 | I35: 01a11680-baf8-7530-a6ea-105ec259e178 | J35: =IF(COUNT('Turns'!D76)=1,SUM('Turns'!D76),"Unknown") -> 1547 | K35: =IF(COUNT('Turns'!E76)=1,SUM('Turns'!E76),"Unknown") -> 0.00027219156 | L35: =IF(COUNT('Turns'!F76)=1,SUM('Turns'!F76),"Unknown") -> 0.0003094 | M35: 0 | N35: 0 | O35: 0 | P35: 0 | Q35: 0 | R35: 0 | S35: =IF(COUNT('Turns'!D82)=1,SUM('Turns'!D82),"Unknown") -> 56 | T35: =IF(COUNT('Turns'!E82)=1,SUM('Turns'!E82),"Unknown") -> 5.9118528e-05 | U35: =IF(COUNT('Turns'!F82)=1,SUM('Turns'!F82),"Unknown") -> 6.72e-05 | V35: 0 | W35: 0 | X35: 0 | Y35: =IF(COUNT('Turns'!E86)=1,SUM('Turns'!E86),"Unknown") -> 0.00033131008 | Z35: =IF(COUNT('Turns'!F86)=1,SUM('Turns'!F86),"Unknown") -> 0.0003766 | AA35: =IF(ISNUMBER(Y35),ROUND(Y35*'Reference data'!$B$2,0),"Unknown") -> 33 | AB35: =IF(ISNUMBER(Z35),ROUND(Z35*'Reference data'!$B$2,0),"Unknown") -> 38 | AD35: 4.533 | AE35: Subtree total
A36: SimulatedModel | B36: 5 | C36: model | D36: scripted-chat | E36: ok | F36: 1547 | G36: Inspect files in isolated review context. | H36: 01a11680-bafa-7231-92c7-4487f4712d16 | I36: 01a11680-baf8-7530-a6ea-106b4cc75488 | J36: =IF(COUNT('Turns'!D76)=1,SUM('Turns'!D76),"Unknown") -> 1547 | K36: =IF(COUNT('Turns'!E76)=1,SUM('Turns'!E76),"Unknown") -> 0.00027219156 | L36: =IF(COUNT('Turns'!F76)=1,SUM('Turns'!F76),"Unknown") -> 0.0003094 | M36: 0 | N36: 0 | O36: 0 | P36: 0 | Q36: 0 | R36: 0 | S36: =IF(COUNT('Turns'!D82)=1,SUM('Turns'!D82),"Unknown") -> 56 | T36: =IF(COUNT('Turns'!E82)=1,SUM('Turns'!E82),"Unknown") -> 5.9118528e-05 | U36: =IF(COUNT('Turns'!F82)=1,SUM('Turns'!F82),"Unknown") -> 6.72e-05 | V36: 0 | W36: 0 | X36: 0 | Y36: =IF(COUNT('Turns'!E86)=1,SUM('Turns'!E86),"Unknown") -> 0.00033131008 | Z36: =IF(COUNT('Turns'!F86)=1,SUM('Turns'!F86),"Unknown") -> 0.0003766 | AA36: =IF(ISNUMBER(Y36),ROUND(Y36*'Reference data'!$B$2,0),"Unknown") -> 33 | AB36: =IF(ISNUMBER(Z36),ROUND(Z36*'Reference data'!$B$2,0),"Unknown") -> 38 | AC36: R6 | AD36: 2.367 | AE36: Own call
A37: tools | B37: 4 | C37: workflow | E37: ok | G37: Execute tool calls requested by the preceding model response and return their observations. | H37: 01a11680-bafd-7850-875f-63cd20d35489 | I37: 01a11680-baf8-7530-a6ea-105ec259e178 | AD37: 1.908 | AE37: No model charge
A38: read_file | B38: 5 | C38: tool | E38: ok | G38: Reads a file from the filesystem. Assume any path the user provides is valid; reading a missing file returns an error. Usage: - By default, it reads up to 100 lines starting from the beginning of the file. Use `offset`/`limit` to page through large files instead of reading them whole. - A status header, `@@ field | field | ... @@`, sits above the file content, and every line after it is verbatim file content. When content is truncated, there may be an explanation before the header. Never include the header when editing. - Speculatively batch multiple `read_file` calls in one response when several files may be useful. - An empty file returns a system-reminder warning in place of contents. - Large tool results may be offloaded to a file; the tool message gives the path. Read that path here, paging with `offset`/`limit`. - Images (`.png`, `.jpg`, etc.), audio, video, and PDFs return multimodal content blocks (https://docs.langchain.com/oss/python/langchain/messages#multimodal). - For images and PDFs, pagination via `offset`/`limit` is text-only - supply `file_path` only - Always read a file before editing it. | H38: 01a11680-bafe-7653-8e67-f2e236176951 | I38: 01a11680-bafd-7850-875f-63cd20d35489 | AD38: 0.829 | AE38: No model charge
A39: model | B39: 4 | C39: workflow | E39: ok | G39: Prepare the current conversation, run model middleware, and invoke the chat model. | H39: 01a11680-bb00-7c21-80a6-0e9588c50c91 | I39: 01a11680-baf8-7530-a6ea-105ec259e178 | J39: =IF(COUNT('Turns'!D92)=1,SUM('Turns'!D92),"Unknown") -> 2354 | K39: =IF(COUNT('Turns'!E92)=1,SUM('Turns'!E92),"Unknown") -> 0.00041418159 | L39: =IF(COUNT('Turns'!F92)=1,SUM('Turns'!F92),"Unknown") -> 0.0004708 | M39: =IF(COUNT('Turns'!D91)=1,SUM('Turns'!D91),"Unknown") -> 0 | N39: =IF(COUNT('Turns'!E91)=1,SUM('Turns'!E91),"Unknown") -> 0 | O39: =IF(COUNT('Turns'!F91)=1,SUM('Turns'!F91),"Unknown") -> 0 | P39: 0 | Q39: 0 | R39: 0 | S39: =IF(COUNT('Turns'!D97)=1,SUM('Turns'!D97),"Unknown") -> 56 | T39: =IF(COUNT('Turns'!E97)=1,SUM('Turns'!E97),"Unknown") -> 5.9118528e-05 | U39: =IF(COUNT('Turns'!F97)=1,SUM('Turns'!F97),"Unknown") -> 6.72e-05 | V39: 0 | W39: 0 | X39: 0 | Y39: =IF(COUNT('Turns'!E101)=1,SUM('Turns'!E101),"Unknown") -> 0.00047330012 | Z39: =IF(COUNT('Turns'!F101)=1,SUM('Turns'!F101),"Unknown") -> 0.000538 | AA39: =IF(ISNUMBER(Y39),ROUND(Y39*'Reference data'!$B$2,0),"Unknown") -> 47 | AB39: =IF(ISNUMBER(Z39),ROUND(Z39*'Reference data'!$B$2,0),"Unknown") -> 54 | AD39: 3.548 | AE39: Subtree total
A40: SimulatedModel | B40: 5 | C40: model | D40: scripted-chat | E40: ok | F40: 2354 | G40: Inspect files in isolated review context. | H40: 01a11680-bb01-75a2-b8f3-037077e83b48 | I40: 01a11680-bb00-7c21-80a6-0e9588c50c91 | J40: =IF(COUNT('Turns'!D92)=1,SUM('Turns'!D92),"Unknown") -> 2354 | K40: =IF(COUNT('Turns'!E92)=1,SUM('Turns'!E92),"Unknown") -> 0.00041418159 | L40: =IF(COUNT('Turns'!F92)=1,SUM('Turns'!F92),"Unknown") -> 0.0004708 | M40: =IF(COUNT('Turns'!D91)=1,SUM('Turns'!D91),"Unknown") -> 0 | N40: =IF(COUNT('Turns'!E91)=1,SUM('Turns'!E91),"Unknown") -> 0 | O40: =IF(COUNT('Turns'!F91)=1,SUM('Turns'!F91),"Unknown") -> 0 | P40: 0 | Q40: 0 | R40: 0 | S40: =IF(COUNT('Turns'!D97)=1,SUM('Turns'!D97),"Unknown") -> 56 | T40: =IF(COUNT('Turns'!E97)=1,SUM('Turns'!E97),"Unknown") -> 5.9118528e-05 | U40: =IF(COUNT('Turns'!F97)=1,SUM('Turns'!F97),"Unknown") -> 6.72e-05 | V40: 0 | W40: 0 | X40: 0 | Y40: =IF(COUNT('Turns'!E101)=1,SUM('Turns'!E101),"Unknown") -> 0.00047330012 | Z40: =IF(COUNT('Turns'!F101)=1,SUM('Turns'!F101),"Unknown") -> 0.000538 | AA40: =IF(ISNUMBER(Y40),ROUND(Y40*'Reference data'!$B$2,0),"Unknown") -> 47 | AB40: =IF(ISNUMBER(Z40),ROUND(Z40*'Reference data'!$B$2,0),"Unknown") -> 54 | AC40: R7 | AD40: 2.303 | AE40: Own call
A41: tools | B41: 4 | C41: workflow | E41: ok | G41: Execute tool calls requested by the preceding model response and return their observations. | H41: 01a11680-bb04-7782-b1cd-443c3e67fa1f | I41: 01a11680-baf8-7530-a6ea-105ec259e178 | AD41: 2.629 | AE41: No model charge
A42: read_file | B42: 5 | C42: tool | E42: ok | G42: Reads a file from the filesystem. Assume any path the user provides is valid; reading a missing file returns an error. Usage: - By default, it reads up to 100 lines starting from the beginning of the file. Use `offset`/`limit` to page through large files instead of reading them whole. - A status header, `@@ field | field | ... @@`, sits above the file content, and every line after it is verbatim file content. When content is truncated, there may be an explanation before the header. Never include the header when editing. - Speculatively batch multiple `read_file` calls in one response when several files may be useful. - An empty file returns a system-reminder warning in place of contents. - Large tool results may be offloaded to a file; the tool message gives the path. Read that path here, paging with `offset`/`limit`. - Images (`.png`, `.jpg`, etc.), audio, video, and PDFs return multimodal content blocks (https://docs.langchain.com/oss/python/langchain/messages#multimodal). - For images and PDFs, pagination via `offset`/`limit` is text-only - supply `file_path` only - Always read a file before editing it. | H42: 01a11680-bb04-7782-b1cd-4444f61bbf2d | I42: 01a11680-bb04-7782-b1cd-443c3e67fa1f | AD42: 1.534 | AE42: No model charge
A43: model | B43: 4 | C43: workflow | E43: ok | G43: Prepare the current conversation, run model middleware, and invoke the chat model. | H43: 01a11680-bb07-7c13-83e9-cdf4c6e1f256 | I43: 01a11680-baf8-7530-a6ea-105ec259e178 | J43: =IF(COUNT('Turns'!D107)=1,SUM('Turns'!D107),"Unknown") -> 2668 | K43: =IF(COUNT('Turns'!E107)=1,SUM('Turns'!E107),"Unknown") -> 0.00046942926 | L43: =IF(COUNT('Turns'!F107)=1,SUM('Turns'!F107),"Unknown") -> 0.0005336 | M43: =IF(COUNT('Turns'!D106)=1,SUM('Turns'!D106),"Unknown") -> 0 | N43: =IF(COUNT('Turns'!E106)=1,SUM('Turns'!E106),"Unknown") -> 0 | O43: =IF(COUNT('Turns'!F106)=1,SUM('Turns'!F106),"Unknown") -> 0 | P43: 0 | Q43: 0 | R43: 0 | S43: =IF(COUNT('Turns'!D112)=1,SUM('Turns'!D112),"Unknown") -> 77 | T43: =IF(COUNT('Turns'!E112)=1,SUM('Turns'!E112),"Unknown") -> 8.1287976e-05 | U43: =IF(COUNT('Turns'!F112)=1,SUM('Turns'!F112),"Unknown") -> 9.24e-05 | V43: 0 | W43: 0 | X43: 0 | Y43: =IF(COUNT('Turns'!E116)=1,SUM('Turns'!E116),"Unknown") -> 0.00055071724 | Z43: =IF(COUNT('Turns'!F116)=1,SUM('Turns'!F116),"Unknown") -> 0.000626 | AA43: =IF(ISNUMBER(Y43),ROUND(Y43*'Reference data'!$B$2,0),"Unknown") -> 55 | AB43: =IF(ISNUMBER(Z43),ROUND(Z43*'Reference data'!$B$2,0),"Unknown") -> 63 | AD43: 3.994 | AE43: Subtree total
A44: SimulatedModel | B44: 5 | C44: model | D44: scripted-chat | E44: ok | F44: 2668 | G44: Inspect files in isolated review context. | H44: 01a11680-bb08-7a71-ada7-6cfe9063f452 | I44: 01a11680-bb07-7c13-83e9-cdf4c6e1f256 | J44: =IF(COUNT('Turns'!D107)=1,SUM('Turns'!D107),"Unknown") -> 2668 | K44: =IF(COUNT('Turns'!E107)=1,SUM('Turns'!E107),"Unknown") -> 0.00046942926 | L44: =IF(COUNT('Turns'!F107)=1,SUM('Turns'!F107),"Unknown") -> 0.0005336 | M44: =IF(COUNT('Turns'!D106)=1,SUM('Turns'!D106),"Unknown") -> 0 | N44: =IF(COUNT('Turns'!E106)=1,SUM('Turns'!E106),"Unknown") -> 0 | O44: =IF(COUNT('Turns'!F106)=1,SUM('Turns'!F106),"Unknown") -> 0 | P44: 0 | Q44: 0 | R44: 0 | S44: =IF(COUNT('Turns'!D112)=1,SUM('Turns'!D112),"Unknown") -> 77 | T44: =IF(COUNT('Turns'!E112)=1,SUM('Turns'!E112),"Unknown") -> 8.1287976e-05 | U44: =IF(COUNT('Turns'!F112)=1,SUM('Turns'!F112),"Unknown") -> 9.24e-05 | V44: 0 | W44: 0 | X44: 0 | Y44: =IF(COUNT('Turns'!E116)=1,SUM('Turns'!E116),"Unknown") -> 0.00055071724 | Z44: =IF(COUNT('Turns'!F116)=1,SUM('Turns'!F116),"Unknown") -> 0.000626 | AA44: =IF(ISNUMBER(Y44),ROUND(Y44*'Reference data'!$B$2,0),"Unknown") -> 55 | AB44: =IF(ISNUMBER(Z44),ROUND(Z44*'Reference data'!$B$2,0),"Unknown") -> 63 | AC44: R8 | AD44: 2.519 | AE44: Own call
A45: assess | B45: 2 | C45: workflow | E45: ok | G45: Execute the assess workflow operation and pass its result to the next graph step. | H45: 01a11680-bb0d-7c43-be75-525353a1e9ad | I45: 01a11680-baf7-7833-9ffd-aa7017c73940 | AD45: 0.249 | AE45: No model charge
A46: working_step | B46: 1 | C46: workflow | E46: ok | G46: Execute the working_step workflow operation and pass its result to the next graph step. | H46: 01a11680-bb0e-7732-afaf-9a421d8d8b36 | I46: 01a11680-ba1e-7011-aaec-e09a34196f5c | J46: =IF(COUNT('Turns'!D119,'Turns'!D134,'Turns'!D149)=3,SUM('Turns'!D119,'Turns'!D134,'Turns'!D149),"Unknown") -> 18711 | K46: =IF(COUNT('Turns'!E119,'Turns'!E134,'Turns'!E149)=3,SUM('Turns'!E119,'Turns'!E134,'Turns'!E149),"Unknown") -> 0.003292163 | L46: =IF(COUNT('Turns'!F119,'Turns'!F134,'Turns'!F149)=3,SUM('Turns'!F119,'Turns'!F134,'Turns'!F149),"Unknown") -> 0.0037422 | M46: =IF(COUNT('Turns'!D118,'Turns'!D133,'Turns'!D148)=3,SUM('Turns'!D118,'Turns'!D133,'Turns'!D148),"Unknown") -> 0 | N46: =IF(COUNT('Turns'!E118,'Turns'!E133,'Turns'!E148)=3,SUM('Turns'!E118,'Turns'!E133,'Turns'!E148),"Unknown") -> 0 | O46: =IF(COUNT('Turns'!F118,'Turns'!F133,'Turns'!F148)=3,SUM('Turns'!F118,'Turns'!F133,'Turns'!F148),"Unknown") -> 0 | P46: 0 | Q46: 0 | R46: 0 | S46: =IF(COUNT('Turns'!D124,'Turns'!D139,'Turns'!D154)=3,SUM('Turns'!D124,'Turns'!D139,'Turns'!D154),"Unknown") -> 176 | T46: =IF(COUNT('Turns'!E124,'Turns'!E139,'Turns'!E154)=3,SUM('Turns'!E124,'Turns'!E139,'Turns'!E154),"Unknown") -> 0.00018580109 | U46: =IF(COUNT('Turns'!F124,'Turns'!F139,'Turns'!F154)=3,SUM('Turns'!F124,'Turns'!F139,'Turns'!F154),"Unknown") -> 0.0002112 | V46: 0 | W46: 0 | X46: 0 | Y46: =IF(COUNT('Turns'!E128,'Turns'!E143,'Turns'!E158)=3,SUM('Turns'!E128,'Turns'!E143,'Turns'!E158),"Unknown") -> 0.0034779641 | Z46: =IF(COUNT('Turns'!F128,'Turns'!F143,'Turns'!F158)=3,SUM('Turns'!F128,'Turns'!F143,'Turns'!F158),"Unknown") -> 0.0039534 | AA46: =IF(ISNUMBER(Y46),ROUND(Y46*'Reference data'!$B$2,0),"Unknown") -> 348 | AB46: =IF(ISNUMBER(Z46),ROUND(Z46*'Reference data'!$B$2,0),"Unknown") -> 395 | AD46: 32.743 | AE46: Subtree total
A47: run | B47: 2 | C47: workflow | E47: ok | G47: Execute the run workflow operation and pass its result to the next graph step. | H47: 01a11680-bb0e-7732-afaf-9a53cb6c1407 | I47: 01a11680-bb0e-7732-afaf-9a421d8d8b36 | J47: =IF(COUNT('Turns'!D119,'Turns'!D134,'Turns'!D149)=3,SUM('Turns'!D119,'Turns'!D134,'Turns'!D149),"Unknown") -> 18711 | K47: =IF(COUNT('Turns'!E119,'Turns'!E134,'Turns'!E149)=3,SUM('Turns'!E119,'Turns'!E134,'Turns'!E149),"Unknown") -> 0.003292163 | L47: =IF(COUNT('Turns'!F119,'Turns'!F134,'Turns'!F149)=3,SUM('Turns'!F119,'Turns'!F134,'Turns'!F149),"Unknown") -> 0.0037422 | M47: =IF(COUNT('Turns'!D118,'Turns'!D133,'Turns'!D148)=3,SUM('Turns'!D118,'Turns'!D133,'Turns'!D148),"Unknown") -> 0 | N47: =IF(COUNT('Turns'!E118,'Turns'!E133,'Turns'!E148)=3,SUM('Turns'!E118,'Turns'!E133,'Turns'!E148),"Unknown") -> 0 | O47: =IF(COUNT('Turns'!F118,'Turns'!F133,'Turns'!F148)=3,SUM('Turns'!F118,'Turns'!F133,'Turns'!F148),"Unknown") -> 0 | P47: 0 | Q47: 0 | R47: 0 | S47: =IF(COUNT('Turns'!D124,'Turns'!D139,'Turns'!D154)=3,SUM('Turns'!D124,'Turns'!D139,'Turns'!D154),"Unknown") -> 176 | T47: =IF(COUNT('Turns'!E124,'Turns'!E139,'Turns'!E154)=3,SUM('Turns'!E124,'Turns'!E139,'Turns'!E154),"Unknown") -> 0.00018580109 | U47: =IF(COUNT('Turns'!F124,'Turns'!F139,'Turns'!F154)=3,SUM('Turns'!F124,'Turns'!F139,'Turns'!F154),"Unknown") -> 0.0002112 | V47: 0 | W47: 0 | X47: 0 | Y47: =IF(COUNT('Turns'!E128,'Turns'!E143,'Turns'!E158)=3,SUM('Turns'!E128,'Turns'!E143,'Turns'!E158),"Unknown") -> 0.0034779641 | Z47: =IF(COUNT('Turns'!F128,'Turns'!F143,'Turns'!F158)=3,SUM('Turns'!F128,'Turns'!F143,'Turns'!F158),"Unknown") -> 0.0039534 | AA47: =IF(ISNUMBER(Y47),ROUND(Y47*'Reference data'!$B$2,0),"Unknown") -> 348 | AB47: =IF(ISNUMBER(Z47),ROUND(Z47*'Reference data'!$B$2,0),"Unknown") -> 395 | AD47: 32.003 | AE47: Subtree total
A48: worker | B48: 3 | C48: workflow | E48: ok | G48: Execute the worker workflow operation and pass its result to the next graph step. | H48: 01a11680-bb0e-7732-afaf-9a68aaff8589 | I48: 01a11680-bb0e-7732-afaf-9a53cb6c1407 | J48: =IF(COUNT('Turns'!D119,'Turns'!D134,'Turns'!D149)=3,SUM('Turns'!D119,'Turns'!D134,'Turns'!D149),"Unknown") -> 18711 | K48: =IF(COUNT('Turns'!E119,'Turns'!E134,'Turns'!E149)=3,SUM('Turns'!E119,'Turns'!E134,'Turns'!E149),"Unknown") -> 0.003292163 | L48: =IF(COUNT('Turns'!F119,'Turns'!F134,'Turns'!F149)=3,SUM('Turns'!F119,'Turns'!F134,'Turns'!F149),"Unknown") -> 0.0037422 | M48: =IF(COUNT('Turns'!D118,'Turns'!D133,'Turns'!D148)=3,SUM('Turns'!D118,'Turns'!D133,'Turns'!D148),"Unknown") -> 0 | N48: =IF(COUNT('Turns'!E118,'Turns'!E133,'Turns'!E148)=3,SUM('Turns'!E118,'Turns'!E133,'Turns'!E148),"Unknown") -> 0 | O48: =IF(COUNT('Turns'!F118,'Turns'!F133,'Turns'!F148)=3,SUM('Turns'!F118,'Turns'!F133,'Turns'!F148),"Unknown") -> 0 | P48: 0 | Q48: 0 | R48: 0 | S48: =IF(COUNT('Turns'!D124,'Turns'!D139,'Turns'!D154)=3,SUM('Turns'!D124,'Turns'!D139,'Turns'!D154),"Unknown") -> 176 | T48: =IF(COUNT('Turns'!E124,'Turns'!E139,'Turns'!E154)=3,SUM('Turns'!E124,'Turns'!E139,'Turns'!E154),"Unknown") -> 0.00018580109 | U48: =IF(COUNT('Turns'!F124,'Turns'!F139,'Turns'!F154)=3,SUM('Turns'!F124,'Turns'!F139,'Turns'!F154),"Unknown") -> 0.0002112 | V48: 0 | W48: 0 | X48: 0 | Y48: =IF(COUNT('Turns'!E128,'Turns'!E143,'Turns'!E158)=3,SUM('Turns'!E128,'Turns'!E143,'Turns'!E158),"Unknown") -> 0.0034779641 | Z48: =IF(COUNT('Turns'!F128,'Turns'!F143,'Turns'!F158)=3,SUM('Turns'!F128,'Turns'!F143,'Turns'!F158),"Unknown") -> 0.0039534 | AA48: =IF(ISNUMBER(Y48),ROUND(Y48*'Reference data'!$B$2,0),"Unknown") -> 348 | AB48: =IF(ISNUMBER(Z48),ROUND(Z48*'Reference data'!$B$2,0),"Unknown") -> 395 | AD48: 31.18 | AE48: Subtree total
A49: SummarizationMiddleware.before_model | B49: 4 | C49: workflow | E49: ok | G49: Execute the SummarizationMiddleware.before_model workflow operation and pass its result to the next graph step. | H49: 01a11680-bb0f-7221-9697-6e057d77e2ce | I49: 01a11680-bb0e-7732-afaf-9a68aaff8589 | AD49: 0.615 | AE49: No model charge
A50: model | B50: 4 | C50: workflow | E50: ok | G50: Prepare the current conversation, run model middleware, and invoke the chat model. | H50: 01a11680-bb10-7dd3-96d3-f4ad0c42cd36 | I50: 01a11680-bb0e-7732-afaf-9a68aaff8589 | J50: =IF(COUNT('Turns'!D119)=1,SUM('Turns'!D119),"Unknown") -> 5987 | K50: =IF(COUNT('Turns'!E119)=1,SUM('Turns'!E119),"Unknown") -> 0.0010534007 | L50: =IF(COUNT('Turns'!F119)=1,SUM('Turns'!F119),"Unknown") -> 0.0011974 | M50: =IF(COUNT('Turns'!D118)=1,SUM('Turns'!D118),"Unknown") -> 0 | N50: =IF(COUNT('Turns'!E118)=1,SUM('Turns'!E118),"Unknown") -> 0 | O50: =IF(COUNT('Turns'!F118)=1,SUM('Turns'!F118),"Unknown") -> 0 | P50: 0 | Q50: 0 | R50: 0 | S50: =IF(COUNT('Turns'!D124)=1,SUM('Turns'!D124),"Unknown") -> 56 | T50: =IF(COUNT('Turns'!E124)=1,SUM('Turns'!E124),"Unknown") -> 5.9118528e-05 | U50: =IF(COUNT('Turns'!F124)=1,SUM('Turns'!F124),"Unknown") -> 6.72e-05 | V50: 0 | W50: 0 | X50: 0 | Y50: =IF(COUNT('Turns'!E128)=1,SUM('Turns'!E128),"Unknown") -> 0.0011125192 | Z50: =IF(COUNT('Turns'!F128)=1,SUM('Turns'!F128),"Unknown") -> 0.0012646 | AA50: =IF(ISNUMBER(Y50),ROUND(Y50*'Reference data'!$B$2,0),"Unknown") -> 111 | AB50: =IF(ISNUMBER(Z50),ROUND(Z50*'Reference data'!$B$2,0),"Unknown") -> 126 | AD50: 6.03 | AE50: Subtree total
A51: SimulatedModel | B51: 5 | C51: model | D51: scripted-chat | E51: ok | F51: 5987 | G51: Implement tasks and hand evidence to the planner. | H51: 01a11680-bb12-7fe1-9b74-fc9d96cd8d0b | I51: 01a11680-bb10-7dd3-96d3-f4ad0c42cd36 | J51: =IF(COUNT('Turns'!D119)=1,SUM('Turns'!D119),"Unknown") -> 5987 | K51: =IF(COUNT('Turns'!E119)=1,SUM('Turns'!E119),"Unknown") -> 0.0010534007 | L51: =IF(COUNT('Turns'!F119)=1,SUM('Turns'!F119),"Unknown") -> 0.0011974 | M51: =IF(COUNT('Turns'!D118)=1,SUM('Turns'!D118),"Unknown") -> 0 | N51: =IF(COUNT('Turns'!E118)=1,SUM('Turns'!E118),"Unknown") -> 0 | O51: =IF(COUNT('Turns'!F118)=1,SUM('Turns'!F118),"Unknown") -> 0 | P51: 0 | Q51: 0 | R51: 0 | S51: =IF(COUNT('Turns'!D124)=1,SUM('Turns'!D124),"Unknown") -> 56 | T51: =IF(COUNT('Turns'!E124)=1,SUM('Turns'!E124),"Unknown") -> 5.9118528e-05 | U51: =IF(COUNT('Turns'!F124)=1,SUM('Turns'!F124),"Unknown") -> 6.72e-05 | V51: 0 | W51: 0 | X51: 0 | Y51: =IF(COUNT('Turns'!E128)=1,SUM('Turns'!E128),"Unknown") -> 0.0011125192 | Z51: =IF(COUNT('Turns'!F128)=1,SUM('Turns'!F128),"Unknown") -> 0.0012646 | AA51: =IF(ISNUMBER(Y51),ROUND(Y51*'Reference data'!$B$2,0),"Unknown") -> 111 | AB51: =IF(ISNUMBER(Z51),ROUND(Z51*'Reference data'!$B$2,0),"Unknown") -> 126 | AC51: R9 | AD51: 3.391 | AE51: Own call
A52: tools | B52: 4 | C52: workflow | E52: ok | G52: Execute tool calls requested by the preceding model response and return their observations. | H52: 01a11680-bb17-70b1-8f41-31c1b4049999 | I52: 01a11680-bb0e-7732-afaf-9a68aaff8589 | AD52: 2.134 | AE52: No model charge
A53: read_file | B53: 5 | C53: tool | E53: ok | G53: Reads a file from the filesystem. Assume any path the user provides is valid; reading a missing file returns an error. Usage: - By default, it reads up to 100 lines starting from the beginning of the file. Use `offset`/`limit` to page through large files instead of reading them whole. - A status header, `@@ field | field | ... @@`, sits above the file content, and every line after it is verbatim file content. When content is truncated, there may be an explanation before the header. Never include the header when editing. - Speculatively batch multiple `read_file` calls in one response when several files may be useful. - An empty file returns a system-reminder warning in place of contents. - Large tool results may be offloaded to a file; the tool message gives the path. Read that path here, paging with `offset`/`limit`. - Images (`.png`, `.jpg`, etc.), audio, video, and PDFs return multimodal content blocks (https://docs.langchain.com/oss/python/langchain/messages#multimodal). - For images and PDFs, pagination via `offset`/`limit` is text-only - supply `file_path` only - Always read a file before editing it. | H53: 01a11680-bb18-7953-9101-f5ae7d36b6e5 | I53: 01a11680-bb17-70b1-8f41-31c1b4049999 | AD53: 0.922 | AE53: No model charge
A54: SummarizationMiddleware.before_model | B54: 4 | C54: workflow | E54: ok | G54: Execute the SummarizationMiddleware.before_model workflow operation and pass its result to the next graph step. | H54: 01a11680-bb1a-7560-98bc-a03f1f624d36 | I54: 01a11680-bb0e-7732-afaf-9a68aaff8589 | AD54: 0.831 | AE54: No model charge
A55: model | B55: 4 | C55: workflow | E55: ok | G55: Prepare the current conversation, run model middleware, and invoke the chat model. | H55: 01a11680-bb1b-7631-a227-56bc1a8c1b9f | I55: 01a11680-bb0e-7732-afaf-9a68aaff8589 | J55: =IF(COUNT('Turns'!D134)=1,SUM('Turns'!D134),"Unknown") -> 6301 | K55: =IF(COUNT('Turns'!E134)=1,SUM('Turns'!E134),"Unknown") -> 0.0011086483 | L55: =IF(COUNT('Turns'!F134)=1,SUM('Turns'!F134),"Unknown") -> 0.0012602 | M55: =IF(COUNT('Turns'!D133)=1,SUM('Turns'!D133),"Unknown") -> 0 | N55: =IF(COUNT('Turns'!E133)=1,SUM('Turns'!E133),"Unknown") -> 0 | O55: =IF(COUNT('Turns'!F133)=1,SUM('Turns'!F133),"Unknown") -> 0 | P55: 0 | Q55: 0 | R55: 0 | S55: =IF(COUNT('Turns'!D139)=1,SUM('Turns'!D139),"Unknown") -> 80 | T55: =IF(COUNT('Turns'!E139)=1,SUM('Turns'!E139),"Unknown") -> 8.445504e-05 | U55: =IF(COUNT('Turns'!F139)=1,SUM('Turns'!F139),"Unknown") -> 9.6e-05 | V55: 0 | W55: 0 | X55: 0 | Y55: =IF(COUNT('Turns'!E143)=1,SUM('Turns'!E143),"Unknown") -> 0.0011931034 | Z55: =IF(COUNT('Turns'!F143)=1,SUM('Turns'!F143),"Unknown") -> 0.0013562 | AA55: =IF(ISNUMBER(Y55),ROUND(Y55*'Reference data'!$B$2,0),"Unknown") -> 119 | AB55: =IF(ISNUMBER(Z55),ROUND(Z55*'Reference data'!$B$2,0),"Unknown") -> 136 | AD55: 5.53 | AE55: Subtree total
A56: SimulatedModel | B56: 5 | C56: model | D56: scripted-chat | E56: ok | F56: 6301 | G56: Implement tasks and hand evidence to the planner. | H56: 01a11680-bb1c-71a3-a7ea-143a205c0df0 | I56: 01a11680-bb1b-7631-a227-56bc1a8c1b9f | J56: =IF(COUNT('Turns'!D134)=1,SUM('Turns'!D134),"Unknown") -> 6301 | K56: =IF(COUNT('Turns'!E134)=1,SUM('Turns'!E134),"Unknown") -> 0.0011086483 | L56: =IF(COUNT('Turns'!F134)=1,SUM('Turns'!F134),"Unknown") -> 0.0012602 | M56: =IF(COUNT('Turns'!D133)=1,SUM('Turns'!D133),"Unknown") -> 0 | N56: =IF(COUNT('Turns'!E133)=1,SUM('Turns'!E133),"Unknown") -> 0 | O56: =IF(COUNT('Turns'!F133)=1,SUM('Turns'!F133),"Unknown") -> 0 | P56: 0 | Q56: 0 | R56: 0 | S56: =IF(COUNT('Turns'!D139)=1,SUM('Turns'!D139),"Unknown") -> 80 | T56: =IF(COUNT('Turns'!E139)=1,SUM('Turns'!E139),"Unknown") -> 8.445504e-05 | U56: =IF(COUNT('Turns'!F139)=1,SUM('Turns'!F139),"Unknown") -> 9.6e-05 | V56: 0 | W56: 0 | X56: 0 | Y56: =IF(COUNT('Turns'!E143)=1,SUM('Turns'!E143),"Unknown") -> 0.0011931034 | Z56: =IF(COUNT('Turns'!F143)=1,SUM('Turns'!F143),"Unknown") -> 0.0013562 | AA56: =IF(ISNUMBER(Y56),ROUND(Y56*'Reference data'!$B$2,0),"Unknown") -> 119 | AB56: =IF(ISNUMBER(Z56),ROUND(Z56*'Reference data'!$B$2,0),"Unknown") -> 136 | AC56: R10 | AD56: 3.433 | AE56: Own call
A57: tools | B57: 4 | C57: workflow | E57: ok | G57: Execute tool calls requested by the preceding model response and return their observations. | H57: 01a11680-bb21-7760-a152-1be16299502f | I57: 01a11680-bb0e-7732-afaf-9a68aaff8589 | AD57: 2.005 | AE57: No model charge
A58: edit_file | B58: 5 | C58: tool | E58: ok | G58: Performs exact string replacements in files. Usage: - You must read the file before editing; this tool errors otherwise. - Preserve the exact source indentation from the read output, and never include the read status header in old_string or new_string. - Prefer editing an existing file over creating a new one. - Only use emojis if the user explicitly requests it. | H58: 01a11680-bb22-7753-842a-5c45b54f6221 | I58: 01a11680-bb21-7760-a152-1be16299502f | AD58: 0.985 | AE58: No model charge
A59: SummarizationMiddleware.before_model | B59: 4 | C59: workflow | E59: ok | G59: Execute the SummarizationMiddleware.before_model workflow operation and pass its result to the next graph step. | H59: 01a11680-bb24-73a3-b78d-7a5657cd4b0b | I59: 01a11680-bb0e-7732-afaf-9a68aaff8589 | AD59: 0.681 | AE59: No model charge
A60: model | B60: 4 | C60: workflow | E60: ok | G60: Prepare the current conversation, run model middleware, and invoke the chat model. | H60: 01a11680-bb25-7832-8efb-c9d1f09941b1 | I60: 01a11680-bb0e-7732-afaf-9a68aaff8589 | J60: =IF(COUNT('Turns'!D149)=1,SUM('Turns'!D149),"Unknown") -> 6423 | K60: =IF(COUNT('Turns'!E149)=1,SUM('Turns'!E149),"Unknown") -> 0.001130114 | L60: =IF(COUNT('Turns'!F149)=1,SUM('Turns'!F149),"Unknown") -> 0.0012846 | M60: =IF(COUNT('Turns'!D148)=1,SUM('Turns'!D148),"Unknown") -> 0 | N60: =IF(COUNT('Turns'!E148)=1,SUM('Turns'!E148),"Unknown") -> 0 | O60: =IF(COUNT('Turns'!F148)=1,SUM('Turns'!F148),"Unknown") -> 0 | P60: 0 | Q60: 0 | R60: 0 | S60: =IF(COUNT('Turns'!D154)=1,SUM('Turns'!D154),"Unknown") -> 40 | T60: =IF(COUNT('Turns'!E154)=1,SUM('Turns'!E154),"Unknown") -> 4.222752e-05 | U60: =IF(COUNT('Turns'!F154)=1,SUM('Turns'!F154),"Unknown") -> 4.8e-05 | V60: 0 | W60: 0 | X60: 0 | Y60: =IF(COUNT('Turns'!E158)=1,SUM('Turns'!E158),"Unknown") -> 0.0011723415 | Z60: =IF(COUNT('Turns'!F158)=1,SUM('Turns'!F158),"Unknown") -> 0.0013326 | AA60: =IF(ISNUMBER(Y60),ROUND(Y60*'Reference data'!$B$2,0),"Unknown") -> 117 | AB60: =IF(ISNUMBER(Z60),ROUND(Z60*'Reference data'!$B$2,0),"Unknown") -> 133 | AD60: 7.59 | AE60: Subtree total
A61: SimulatedModel | B61: 5 | C61: model | D61: scripted-chat | E61: ok | F61: 6423 | G61: Implement tasks and hand evidence to the planner. | H61: 01a11680-bb27-7700-ae80-67f55d69b3bb | I61: 01a11680-bb25-7832-8efb-c9d1f09941b1 | J61: =IF(COUNT('Turns'!D149)=1,SUM('Turns'!D149),"Unknown") -> 6423 | K61: =IF(COUNT('Turns'!E149)=1,SUM('Turns'!E149),"Unknown") -> 0.001130114 | L61: =IF(COUNT('Turns'!F149)=1,SUM('Turns'!F149),"Unknown") -> 0.0012846 | M61: =IF(COUNT('Turns'!D148)=1,SUM('Turns'!D148),"Unknown") -> 0 | N61: =IF(COUNT('Turns'!E148)=1,SUM('Turns'!E148),"Unknown") -> 0 | O61: =IF(COUNT('Turns'!F148)=1,SUM('Turns'!F148),"Unknown") -> 0 | P61: 0 | Q61: 0 | R61: 0 | S61: =IF(COUNT('Turns'!D154)=1,SUM('Turns'!D154),"Unknown") -> 40 | T61: =IF(COUNT('Turns'!E154)=1,SUM('Turns'!E154),"Unknown") -> 4.222752e-05 | U61: =IF(COUNT('Turns'!F154)=1,SUM('Turns'!F154),"Unknown") -> 4.8e-05 | V61: 0 | W61: 0 | X61: 0 | Y61: =IF(COUNT('Turns'!E158)=1,SUM('Turns'!E158),"Unknown") -> 0.0011723415 | Z61: =IF(COUNT('Turns'!F158)=1,SUM('Turns'!F158),"Unknown") -> 0.0013326 | AA61: =IF(ISNUMBER(Y61),ROUND(Y61*'Reference data'!$B$2,0),"Unknown") -> 117 | AB61: =IF(ISNUMBER(Z61),ROUND(Z61*'Reference data'!$B$2,0),"Unknown") -> 133 | AC61: R11 | AD61: 4.655 | AE61: Own call
A62: test_step | B62: 1 | C62: workflow | E62: ok | G62: Execute the test_step workflow operation and pass its result to the next graph step. | H62: 01a11680-bb2f-7b63-a813-9a16020b5807 | I62: 01a11680-ba1e-7011-aaec-e09a34196f5c | AD62: 0.472 | AE62: No model charge
A63: review_step | B63: 1 | C63: workflow | E63: ok | G63: Execute the review_step workflow operation and pass its result to the next graph step. | H63: 01a11680-bb31-7202-a1bc-9c1c64898872 | I63: 01a11680-ba1e-7011-aaec-e09a34196f5c | J63: =IF(COUNT('Turns'!D161,'Turns'!D175,'Turns'!D190)=3,SUM('Turns'!D161,'Turns'!D175,'Turns'!D190),"Unknown") -> 6903 | K63: =IF(COUNT('Turns'!E161,'Turns'!E175,'Turns'!E190)=3,SUM('Turns'!E161,'Turns'!E175,'Turns'!E190),"Unknown") -> 0.001214569 | L63: =IF(COUNT('Turns'!F161,'Turns'!F175,'Turns'!F190)=3,SUM('Turns'!F161,'Turns'!F175,'Turns'!F190),"Unknown") -> 0.0013806 | M63: =IF(COUNT('Turns'!D160,'Turns'!D174,'Turns'!D189)=3,SUM('Turns'!D160,'Turns'!D174,'Turns'!D189),"Unknown") -> 0 | N63: =IF(COUNT('Turns'!E160,'Turns'!E174,'Turns'!E189)=3,SUM('Turns'!E160,'Turns'!E174,'Turns'!E189),"Unknown") -> 0 | O63: =IF(COUNT('Turns'!F160,'Turns'!F174,'Turns'!F189)=3,SUM('Turns'!F160,'Turns'!F174,'Turns'!F189),"Unknown") -> 0 | P63: 0 | Q63: 0 | R63: 0 | S63: =IF(COUNT('Turns'!D165,'Turns'!D180,'Turns'!D195)=3,SUM('Turns'!D165,'Turns'!D180,'Turns'!D195),"Unknown") -> 177 | T63: =IF(COUNT('Turns'!E165,'Turns'!E180,'Turns'!E195)=3,SUM('Turns'!E165,'Turns'!E180,'Turns'!E195),"Unknown") -> 0.00018685678 | U63: =IF(COUNT('Turns'!F165,'Turns'!F180,'Turns'!F195)=3,SUM('Turns'!F165,'Turns'!F180,'Turns'!F195),"Unknown") -> 0.0002124 | V63: 0 | W63: 0 | X63: 0 | Y63: =IF(COUNT('Turns'!E169,'Turns'!E184,'Turns'!E199)=3,SUM('Turns'!E169,'Turns'!E184,'Turns'!E199),"Unknown") -> 0.0014014258 | Z63: =IF(COUNT('Turns'!F169,'Turns'!F184,'Turns'!F199)=3,SUM('Turns'!F169,'Turns'!F184,'Turns'!F199),"Unknown") -> 0.001593 | AA63: =IF(ISNUMBER(Y63),ROUND(Y63*'Reference data'!$B$2,0),"Unknown") -> 140 | AB63: =IF(ISNUMBER(Z63),ROUND(Z63*'Reference data'!$B$2,0),"Unknown") -> 159 | AD63: 25.443 | AE63: Subtree total
A64: run | B64: 2 | C64: workflow | E64: ok | G64: Execute the run workflow operation and pass its result to the next graph step. | H64: 01a11680-bb31-7202-a1bc-9c267dc7fa10 | I64: 01a11680-bb31-7202-a1bc-9c1c64898872 | J64: =IF(COUNT('Turns'!D161,'Turns'!D175,'Turns'!D190)=3,SUM('Turns'!D161,'Turns'!D175,'Turns'!D190),"Unknown") -> 6903 | K64: =IF(COUNT('Turns'!E161,'Turns'!E175,'Turns'!E190)=3,SUM('Turns'!E161,'Turns'!E175,'Turns'!E190),"Unknown") -> 0.001214569 | L64: =IF(COUNT('Turns'!F161,'Turns'!F175,'Turns'!F190)=3,SUM('Turns'!F161,'Turns'!F175,'Turns'!F190),"Unknown") -> 0.0013806 | M64: =IF(COUNT('Turns'!D160,'Turns'!D174,'Turns'!D189)=3,SUM('Turns'!D160,'Turns'!D174,'Turns'!D189),"Unknown") -> 0 | N64: =IF(COUNT('Turns'!E160,'Turns'!E174,'Turns'!E189)=3,SUM('Turns'!E160,'Turns'!E174,'Turns'!E189),"Unknown") -> 0 | O64: =IF(COUNT('Turns'!F160,'Turns'!F174,'Turns'!F189)=3,SUM('Turns'!F160,'Turns'!F174,'Turns'!F189),"Unknown") -> 0 | P64: 0 | Q64: 0 | R64: 0 | S64: =IF(COUNT('Turns'!D165,'Turns'!D180,'Turns'!D195)=3,SUM('Turns'!D165,'Turns'!D180,'Turns'!D195),"Unknown") -> 177 | T64: =IF(COUNT('Turns'!E165,'Turns'!E180,'Turns'!E195)=3,SUM('Turns'!E165,'Turns'!E180,'Turns'!E195),"Unknown") -> 0.00018685678 | U64: =IF(COUNT('Turns'!F165,'Turns'!F180,'Turns'!F195)=3,SUM('Turns'!F165,'Turns'!F180,'Turns'!F195),"Unknown") -> 0.0002124 | V64: 0 | W64: 0 | X64: 0 | Y64: =IF(COUNT('Turns'!E169,'Turns'!E184,'Turns'!E199)=3,SUM('Turns'!E169,'Turns'!E184,'Turns'!E199),"Unknown") -> 0.0014014258 | Z64: =IF(COUNT('Turns'!F169,'Turns'!F184,'Turns'!F199)=3,SUM('Turns'!F169,'Turns'!F184,'Turns'!F199),"Unknown") -> 0.001593 | AA64: =IF(ISNUMBER(Y64),ROUND(Y64*'Reference data'!$B$2,0),"Unknown") -> 140 | AB64: =IF(ISNUMBER(Z64),ROUND(Z64*'Reference data'!$B$2,0),"Unknown") -> 159 | AD64: 23.921 | AE64: Subtree total
A65: isolated-reviewer | B65: 3 | C65: workflow | E65: ok | G65: Execute the isolated-reviewer workflow operation and pass its result to the next graph step. | H65: 01a11680-bb32-7402-aead-c2c2acee002d | I65: 01a11680-bb31-7202-a1bc-9c267dc7fa10 | J65: =IF(COUNT('Turns'!D161,'Turns'!D175,'Turns'!D190)=3,SUM('Turns'!D161,'Turns'!D175,'Turns'!D190),"Unknown") -> 6903 | K65: =IF(COUNT('Turns'!E161,'Turns'!E175,'Turns'!E190)=3,SUM('Turns'!E161,'Turns'!E175,'Turns'!E190),"Unknown") -> 0.001214569 | L65: =IF(COUNT('Turns'!F161,'Turns'!F175,'Turns'!F190)=3,SUM('Turns'!F161,'Turns'!F175,'Turns'!F190),"Unknown") -> 0.0013806 | M65: =IF(COUNT('Turns'!D160,'Turns'!D174,'Turns'!D189)=3,SUM('Turns'!D160,'Turns'!D174,'Turns'!D189),"Unknown") -> 0 | N65: =IF(COUNT('Turns'!E160,'Turns'!E174,'Turns'!E189)=3,SUM('Turns'!E160,'Turns'!E174,'Turns'!E189),"Unknown") -> 0 | O65: =IF(COUNT('Turns'!F160,'Turns'!F174,'Turns'!F189)=3,SUM('Turns'!F160,'Turns'!F174,'Turns'!F189),"Unknown") -> 0 | P65: 0 | Q65: 0 | R65: 0 | S65: =IF(COUNT('Turns'!D165,'Turns'!D180,'Turns'!D195)=3,SUM('Turns'!D165,'Turns'!D180,'Turns'!D195),"Unknown") -> 177 | T65: =IF(COUNT('Turns'!E165,'Turns'!E180,'Turns'!E195)=3,SUM('Turns'!E165,'Turns'!E180,'Turns'!E195),"Unknown") -> 0.00018685678 | U65: =IF(COUNT('Turns'!F165,'Turns'!F180,'Turns'!F195)=3,SUM('Turns'!F165,'Turns'!F180,'Turns'!F195),"Unknown") -> 0.0002124 | V65: 0 | W65: 0 | X65: 0 | Y65: =IF(COUNT('Turns'!E169,'Turns'!E184,'Turns'!E199)=3,SUM('Turns'!E169,'Turns'!E184,'Turns'!E199),"Unknown") -> 0.0014014258 | Z65: =IF(COUNT('Turns'!F169,'Turns'!F184,'Turns'!F199)=3,SUM('Turns'!F169,'Turns'!F184,'Turns'!F199),"Unknown") -> 0.001593 | AA65: =IF(ISNUMBER(Y65),ROUND(Y65*'Reference data'!$B$2,0),"Unknown") -> 140 | AB65: =IF(ISNUMBER(Z65),ROUND(Z65*'Reference data'!$B$2,0),"Unknown") -> 159 | AD65: 23.096 | AE65: Subtree total
A66: model | B66: 4 | C66: workflow | E66: ok | G66: Prepare the current conversation, run model middleware, and invoke the chat model. | H66: 01a11680-bb32-7402-aead-c2debbfc5213 | I66: 01a11680-bb32-7402-aead-c2c2acee002d | J66: =IF(COUNT('Turns'!D161)=1,SUM('Turns'!D161),"Unknown") -> 1657 | K66: =IF(COUNT('Turns'!E161)=1,SUM('Turns'!E161),"Unknown") -> 0.00029154584 | L66: =IF(COUNT('Turns'!F161)=1,SUM('Turns'!F161),"Unknown") -> 0.0003314 | M66: =IF(COUNT('Turns'!D160)=1,SUM('Turns'!D160),"Unknown") -> 0 | N66: =IF(COUNT('Turns'!E160)=1,SUM('Turns'!E160),"Unknown") -> 0 | O66: =IF(COUNT('Turns'!F160)=1,SUM('Turns'!F160),"Unknown") -> 0 | P66: 0 | Q66: 0 | R66: 0 | S66: =IF(COUNT('Turns'!D165)=1,SUM('Turns'!D165),"Unknown") -> 56 | T66: =IF(COUNT('Turns'!E165)=1,SUM('Turns'!E165),"Unknown") -> 5.9118528e-05 | U66: =IF(COUNT('Turns'!F165)=1,SUM('Turns'!F165),"Unknown") -> 6.72e-05 | V66: 0 | W66: 0 | X66: 0 | Y66: =IF(COUNT('Turns'!E169)=1,SUM('Turns'!E169),"Unknown") -> 0.00035066436 | Z66: =IF(COUNT('Turns'!F169)=1,SUM('Turns'!F169),"Unknown") -> 0.0003986 | AA66: =IF(ISNUMBER(Y66),ROUND(Y66*'Reference data'!$B$2,0),"Unknown") -> 35 | AB66: =IF(ISNUMBER(Z66),ROUND(Z66*'Reference data'!$B$2,0),"Unknown") -> 40 | AD66: 4.421 | AE66: Subtree total
A67: SimulatedModel | B67: 5 | C67: model | D67: scripted-chat | E67: ok | F67: 1657 | G67: Inspect files in isolated review context. | H67: 01a11680-bb33-70f0-9483-f87ffc291240 | I67: 01a11680-bb32-7402-aead-c2debbfc5213 | J67: =IF(COUNT('Turns'!D161)=1,SUM('Turns'!D161),"Unknown") -> 1657 | K67: =IF(COUNT('Turns'!E161)=1,SUM('Turns'!E161),"Unknown") -> 0.00029154584 | L67: =IF(COUNT('Turns'!F161)=1,SUM('Turns'!F161),"Unknown") -> 0.0003314 | M67: =IF(COUNT('Turns'!D160)=1,SUM('Turns'!D160),"Unknown") -> 0 | N67: =IF(COUNT('Turns'!E160)=1,SUM('Turns'!E160),"Unknown") -> 0 | O67: =IF(COUNT('Turns'!F160)=1,SUM('Turns'!F160),"Unknown") -> 0 | P67: 0 | Q67: 0 | R67: 0 | S67: =IF(COUNT('Turns'!D165)=1,SUM('Turns'!D165),"Unknown") -> 56 | T67: =IF(COUNT('Turns'!E165)=1,SUM('Turns'!E165),"Unknown") -> 5.9118528e-05 | U67: =IF(COUNT('Turns'!F165)=1,SUM('Turns'!F165),"Unknown") -> 6.72e-05 | V67: 0 | W67: 0 | X67: 0 | Y67: =IF(COUNT('Turns'!E169)=1,SUM('Turns'!E169),"Unknown") -> 0.00035066436 | Z67: =IF(COUNT('Turns'!F169)=1,SUM('Turns'!F169),"Unknown") -> 0.0003986 | AA67: =IF(ISNUMBER(Y67),ROUND(Y67*'Reference data'!$B$2,0),"Unknown") -> 35 | AB67: =IF(ISNUMBER(Z67),ROUND(Z67*'Reference data'!$B$2,0),"Unknown") -> 40 | AC67: R12 | AD67: 2.988 | AE67: Own call
A68: tools | B68: 4 | C68: workflow | E68: ok | G68: Execute tool calls requested by the preceding model response and return their observations. | H68: 01a11680-bb37-77c3-8c56-ac45cdfe8ff0 | I68: 01a11680-bb32-7402-aead-c2c2acee002d | AD68: 1.914 | AE68: No model charge
A69: read_file | B69: 5 | C69: tool | E69: ok | G69: Reads a file from the filesystem. Assume any path the user provides is valid; reading a missing file returns an error. Usage: - By default, it reads up to 100 lines starting from the beginning of the file. Use `offset`/`limit` to page through large files instead of reading them whole. - A status header, `@@ field | field | ... @@`, sits above the file content, and every line after it is verbatim file content. When content is truncated, there may be an explanation before the header. Never include the header when editing. - Speculatively batch multiple `read_file` calls in one response when several files may be useful. - An empty file returns a system-reminder warning in place of contents. - Large tool results may be offloaded to a file; the tool message gives the path. Read that path here, paging with `offset`/`limit`. - Images (`.png`, `.jpg`, etc.), audio, video, and PDFs return multimodal content blocks (https://docs.langchain.com/oss/python/langchain/messages#multimodal). - For images and PDFs, pagination via `offset`/`limit` is text-only - supply `file_path` only - Always read a file before editing it. | H69: 01a11680-bb38-7991-8e75-d6c2c5c79281 | I69: 01a11680-bb37-77c3-8c56-ac45cdfe8ff0 | AD69: 0.849 | AE69: No model charge
A70: model | B70: 4 | C70: workflow | E70: ok | G70: Prepare the current conversation, run model middleware, and invoke the chat model. | H70: 01a11680-bb3a-71b1-892b-18b68a04dad2 | I70: 01a11680-bb32-7402-aead-c2c2acee002d | J70: =IF(COUNT('Turns'!D175)=1,SUM('Turns'!D175),"Unknown") -> 2464 | K70: =IF(COUNT('Turns'!E175)=1,SUM('Turns'!E175),"Unknown") -> 0.00043353587 | L70: =IF(COUNT('Turns'!F175)=1,SUM('Turns'!F175),"Unknown") -> 0.0004928 | M70: =IF(COUNT('Turns'!D174)=1,SUM('Turns'!D174),"Unknown") -> 0 | N70: =IF(COUNT('Turns'!E174)=1,SUM('Turns'!E174),"Unknown") -> 0 | O70: =IF(COUNT('Turns'!F174)=1,SUM('Turns'!F174),"Unknown") -> 0 | P70: 0 | Q70: 0 | R70: 0 | S70: =IF(COUNT('Turns'!D180)=1,SUM('Turns'!D180),"Unknown") -> 56 | T70: =IF(COUNT('Turns'!E180)=1,SUM('Turns'!E180),"Unknown") -> 5.9118528e-05 | U70: =IF(COUNT('Turns'!F180)=1,SUM('Turns'!F180),"Unknown") -> 6.72e-05 | V70: 0 | W70: 0 | X70: 0 | Y70: =IF(COUNT('Turns'!E184)=1,SUM('Turns'!E184),"Unknown") -> 0.0004926544 | Z70: =IF(COUNT('Turns'!F184)=1,SUM('Turns'!F184),"Unknown") -> 0.00056 | AA70: =IF(ISNUMBER(Y70),ROUND(Y70*'Reference data'!$B$2,0),"Unknown") -> 49 | AB70: =IF(ISNUMBER(Z70),ROUND(Z70*'Reference data'!$B$2,0),"Unknown") -> 56 | AD70: 3.978 | AE70: Subtree total
A71: SimulatedModel | B71: 5 | C71: model | D71: scripted-chat | E71: ok | F71: 2464 | G71: Inspect files in isolated review context. | H71: 01a11680-bb3b-7c40-aa73-559fd26cef7d | I71: 01a11680-bb3a-71b1-892b-18b68a04dad2 | J71: =IF(COUNT('Turns'!D175)=1,SUM('Turns'!D175),"Unknown") -> 2464 | K71: =IF(COUNT('Turns'!E175)=1,SUM('Turns'!E175),"Unknown") -> 0.00043353587 | L71: =IF(COUNT('Turns'!F175)=1,SUM('Turns'!F175),"Unknown") -> 0.0004928 | M71: =IF(COUNT('Turns'!D174)=1,SUM('Turns'!D174),"Unknown") -> 0 | N71: =IF(COUNT('Turns'!E174)=1,SUM('Turns'!E174),"Unknown") -> 0 | O71: =IF(COUNT('Turns'!F174)=1,SUM('Turns'!F174),"Unknown") -> 0 | P71: 0 | Q71: 0 | R71: 0 | S71: =IF(COUNT('Turns'!D180)=1,SUM('Turns'!D180),"Unknown") -> 56 | T71: =IF(COUNT('Turns'!E180)=1,SUM('Turns'!E180),"Unknown") -> 5.9118528e-05 | U71: =IF(COUNT('Turns'!F180)=1,SUM('Turns'!F180),"Unknown") -> 6.72e-05 | V71: 0 | W71: 0 | X71: 0 | Y71: =IF(COUNT('Turns'!E184)=1,SUM('Turns'!E184),"Unknown") -> 0.0004926544 | Z71: =IF(COUNT('Turns'!F184)=1,SUM('Turns'!F184),"Unknown") -> 0.00056 | AA71: =IF(ISNUMBER(Y71),ROUND(Y71*'Reference data'!$B$2,0),"Unknown") -> 49 | AB71: =IF(ISNUMBER(Z71),ROUND(Z71*'Reference data'!$B$2,0),"Unknown") -> 56 | AC71: R13 | AD71: 2.47 | AE71: Own call
A72: tools | B72: 4 | C72: workflow | E72: ok | G72: Execute tool calls requested by the preceding model response and return their observations. | H72: 01a11680-bb3e-7aa2-99bc-876cae5da280 | I72: 01a11680-bb32-7402-aead-c2c2acee002d | AD72: 2.913 | AE72: No model charge
A73: read_file | B73: 5 | C73: tool | E73: ok | G73: Reads a file from the filesystem. Assume any path the user provides is valid; reading a missing file returns an error. Usage: - By default, it reads up to 100 lines starting from the beginning of the file. Use `offset`/`limit` to page through large files instead of reading them whole. - A status header, `@@ field | field | ... @@`, sits above the file content, and every line after it is verbatim file content. When content is truncated, there may be an explanation before the header. Never include the header when editing. - Speculatively batch multiple `read_file` calls in one response when several files may be useful. - An empty file returns a system-reminder warning in place of contents. - Large tool results may be offloaded to a file; the tool message gives the path. Read that path here, paging with `offset`/`limit`. - Images (`.png`, `.jpg`, etc.), audio, video, and PDFs return multimodal content blocks (https://docs.langchain.com/oss/python/langchain/messages#multimodal). - For images and PDFs, pagination via `offset`/`limit` is text-only - supply `file_path` only - Always read a file before editing it. | H73: 01a11680-bb3f-73f3-af67-7f288084e57d | I73: 01a11680-bb3e-7aa2-99bc-876cae5da280 | AD73: 1.619 | AE73: No model charge
A74: model | B74: 4 | C74: workflow | E74: ok | G74: Prepare the current conversation, run model middleware, and invoke the chat model. | H74: 01a11680-bb42-7072-aeb2-3f092d2a009f | I74: 01a11680-bb32-7402-aead-c2c2acee002d | J74: =IF(COUNT('Turns'!D190)=1,SUM('Turns'!D190),"Unknown") -> 2782 | K74: =IF(COUNT('Turns'!E190)=1,SUM('Turns'!E190),"Unknown") -> 0.00048948734 | L74: =IF(COUNT('Turns'!F190)=1,SUM('Turns'!F190),"Unknown") -> 0.0005564 | M74: =IF(COUNT('Turns'!D189)=1,SUM('Turns'!D189),"Unknown") -> 0 | N74: =IF(COUNT('Turns'!E189)=1,SUM('Turns'!E189),"Unknown") -> 0 | O74: =IF(COUNT('Turns'!F189)=1,SUM('Turns'!F189),"Unknown") -> 0 | P74: 0 | Q74: 0 | R74: 0 | S74: =IF(COUNT('Turns'!D195)=1,SUM('Turns'!D195),"Unknown") -> 65 | T74: =IF(COUNT('Turns'!E195)=1,SUM('Turns'!E195),"Unknown") -> 6.861972e-05 | U74: =IF(COUNT('Turns'!F195)=1,SUM('Turns'!F195),"Unknown") -> 7.8e-05 | V74: 0 | W74: 0 | X74: 0 | Y74: =IF(COUNT('Turns'!E199)=1,SUM('Turns'!E199),"Unknown") -> 0.00055810706 | Z74: =IF(COUNT('Turns'!F199)=1,SUM('Turns'!F199),"Unknown") -> 0.0006344 | AA74: =IF(ISNUMBER(Y74),ROUND(Y74*'Reference data'!$B$2,0),"Unknown") -> 56 | AB74: =IF(ISNUMBER(Z74),ROUND(Z74*'Reference data'!$B$2,0),"Unknown") -> 63 | AD74: 5.955 | AE74: Subtree total
A75: SimulatedModel | B75: 5 | C75: model | D75: scripted-chat | E75: ok | F75: 2782 | G75: Inspect files in isolated review context. | H75: 01a11680-bb43-71d3-92d5-3ee3a252eca4 | I75: 01a11680-bb42-7072-aeb2-3f092d2a009f | J75: =IF(COUNT('Turns'!D190)=1,SUM('Turns'!D190),"Unknown") -> 2782 | K75: =IF(COUNT('Turns'!E190)=1,SUM('Turns'!E190),"Unknown") -> 0.00048948734 | L75: =IF(COUNT('Turns'!F190)=1,SUM('Turns'!F190),"Unknown") -> 0.0005564 | M75: =IF(COUNT('Turns'!D189)=1,SUM('Turns'!D189),"Unknown") -> 0 | N75: =IF(COUNT('Turns'!E189)=1,SUM('Turns'!E189),"Unknown") -> 0 | O75: =IF(COUNT('Turns'!F189)=1,SUM('Turns'!F189),"Unknown") -> 0 | P75: 0 | Q75: 0 | R75: 0 | S75: =IF(COUNT('Turns'!D195)=1,SUM('Turns'!D195),"Unknown") -> 65 | T75: =IF(COUNT('Turns'!E195)=1,SUM('Turns'!E195),"Unknown") -> 6.861972e-05 | U75: =IF(COUNT('Turns'!F195)=1,SUM('Turns'!F195),"Unknown") -> 7.8e-05 | V75: 0 | W75: 0 | X75: 0 | Y75: =IF(COUNT('Turns'!E199)=1,SUM('Turns'!E199),"Unknown") -> 0.00055810706 | Z75: =IF(COUNT('Turns'!F199)=1,SUM('Turns'!F199),"Unknown") -> 0.0006344 | AA75: =IF(ISNUMBER(Y75),ROUND(Y75*'Reference data'!$B$2,0),"Unknown") -> 56 | AB75: =IF(ISNUMBER(Z75),ROUND(Z75*'Reference data'!$B$2,0),"Unknown") -> 63 | AC75: R14 | AD75: 3.947 | AE75: Own call
A76: assess | B76: 2 | C76: workflow | E76: ok | G76: Execute the assess workflow operation and pass its result to the next graph step. | H76: 01a11680-bb4a-7d63-8d36-06785f115f75 | I76: 01a11680-bb31-7202-a1bc-9c1c64898872 | AD76: 0.434 | AE76: No model charge
A77: plan_update_step | B77: 1 | C77: workflow | E77: ok | G77: Execute the plan_update_step workflow operation and pass its result to the next graph step. | H77: 01a11680-bb4b-7100-8859-9f51dd47f5b9 | I77: 01a11680-ba1e-7011-aaec-e09a34196f5c | J77: =IF(COUNT('Turns'!D201,'Turns'!D218,'Turns'!D233,'Turns'!D247,'Turns'!D260)=5,SUM('Turns'!D201,'Turns'!D218,'Turns'!D233,'Turns'!D247,'Turns'!D260),"Unknown") -> 31965 | K77: =IF(COUNT('Turns'!E201,'Turns'!E218,'Turns'!E233,'Turns'!E247,'Turns'!E260)=5,SUM('Turns'!E201,'Turns'!E218,'Turns'!E233,'Turns'!E247,'Turns'!E260),"Unknown") -> 0.0056241778 | L77: =IF(COUNT('Turns'!F201,'Turns'!F218,'Turns'!F233,'Turns'!F247,'Turns'!F260)=5,SUM('Turns'!F201,'Turns'!F218,'Turns'!F233,'Turns'!F247,'Turns'!F260),"Unknown") -> 0.006393 | M77: =IF(COUNT('Turns'!D217,'Turns'!D232,'Turns'!D259)=3,SUM('Turns'!D217,'Turns'!D232,'Turns'!D259),"Unknown") -> 0 | N77: =IF(COUNT('Turns'!E217,'Turns'!E232,'Turns'!E259)=3,SUM('Turns'!E217,'Turns'!E232,'Turns'!E259),"Unknown") -> 0 | O77: =IF(COUNT('Turns'!F217,'Turns'!F232,'Turns'!F259)=3,SUM('Turns'!F217,'Turns'!F232,'Turns'!F259),"Unknown") -> 0 | P77: 0 | Q77: 0 | R77: 0 | S77: =IF(COUNT('Turns'!D208,'Turns'!D223,'Turns'!D238,'Turns'!D253,'Turns'!D265)=5,SUM('Turns'!D208,'Turns'!D223,'Turns'!D238,'Turns'!D253,'Turns'!D265),"Unknown") -> 371 | T77: =IF(COUNT('Turns'!E208,'Turns'!E223,'Turns'!E238,'Turns'!E253,'Turns'!E265)=5,SUM('Turns'!E208,'Turns'!E223,'Turns'!E238,'Turns'!E253,'Turns'!E265),"Unknown") -> 0.00039166025 | U77: =IF(COUNT('Turns'!F208,'Turns'!F223,'Turns'!F238,'Turns'!F253,'Turns'!F265)=5,SUM('Turns'!F208,'Turns'!F223,'Turns'!F238,'Turns'!F253,'Turns'!F265),"Unknown") -> 0.0004452 | V77: 0 | W77: 0 | X77: 0 | Y77: =IF(COUNT('Turns'!E212,'Turns'!E227,'Turns'!E242,'Turns'!E257,'Turns'!E269)=5,SUM('Turns'!E212,'Turns'!E227,'Turns'!E242,'Turns'!E257,'Turns'!E269),"Unknown") -> 0.0060158381 | Z77: =IF(COUNT('Turns'!F212,'Turns'!F227,'Turns'!F242,'Turns'!F257,'Turns'!F269)=5,SUM('Turns'!F212,'Turns'!F227,'Turns'!F242,'Turns'!F257,'Turns'!F269),"Unknown") -> 0.0068382 | AA77: =IF(ISNUMBER(Y77),ROUND(Y77*'Reference data'!$B$2,0),"Unknown") -> 602 | AB77: =IF(ISNUMBER(Z77),ROUND(Z77*'Reference data'!$B$2,0),"Unknown") -> 684 | AD77: 49.214 | AE77: Subtree total
A78: run | B78: 2 | C78: workflow | E78: ok | G78: Execute the run workflow operation and pass its result to the next graph step. | H78: 01a11680-bb4c-7e90-b39a-4c1fdab5de86 | I78: 01a11680-bb4b-7100-8859-9f51dd47f5b9 | J78: =IF(COUNT('Turns'!D201,'Turns'!D218,'Turns'!D233,'Turns'!D247,'Turns'!D260)=5,SUM('Turns'!D201,'Turns'!D218,'Turns'!D233,'Turns'!D247,'Turns'!D260),"Unknown") -> 31965 | K78: =IF(COUNT('Turns'!E201,'Turns'!E218,'Turns'!E233,'Turns'!E247,'Turns'!E260)=5,SUM('Turns'!E201,'Turns'!E218,'Turns'!E233,'Turns'!E247,'Turns'!E260),"Unknown") -> 0.0056241778 | L78: =IF(COUNT('Turns'!F201,'Turns'!F218,'Turns'!F233,'Turns'!F247,'Turns'!F260)=5,SUM('Turns'!F201,'Turns'!F218,'Turns'!F233,'Turns'!F247,'Turns'!F260),"Unknown") -> 0.006393 | M78: =IF(COUNT('Turns'!D217,'Turns'!D232,'Turns'!D259)=3,SUM('Turns'!D217,'Turns'!D232,'Turns'!D259),"Unknown") -> 0 | N78: =IF(COUNT('Turns'!E217,'Turns'!E232,'Turns'!E259)=3,SUM('Turns'!E217,'Turns'!E232,'Turns'!E259),"Unknown") -> 0 | O78: =IF(COUNT('Turns'!F217,'Turns'!F232,'Turns'!F259)=3,SUM('Turns'!F217,'Turns'!F232,'Turns'!F259),"Unknown") -> 0 | P78: 0 | Q78: 0 | R78: 0 | S78: =IF(COUNT('Turns'!D208,'Turns'!D223,'Turns'!D238,'Turns'!D253,'Turns'!D265)=5,SUM('Turns'!D208,'Turns'!D223,'Turns'!D238,'Turns'!D253,'Turns'!D265),"Unknown") -> 371 | T78: =IF(COUNT('Turns'!E208,'Turns'!E223,'Turns'!E238,'Turns'!E253,'Turns'!E265)=5,SUM('Turns'!E208,'Turns'!E223,'Turns'!E238,'Turns'!E253,'Turns'!E265),"Unknown") -> 0.00039166025 | U78: =IF(COUNT('Turns'!F208,'Turns'!F223,'Turns'!F238,'Turns'!F253,'Turns'!F265)=5,SUM('Turns'!F208,'Turns'!F223,'Turns'!F238,'Turns'!F253,'Turns'!F265),"Unknown") -> 0.0004452 | V78: 0 | W78: 0 | X78: 0 | Y78: =IF(COUNT('Turns'!E212,'Turns'!E227,'Turns'!E242,'Turns'!E257,'Turns'!E269)=5,SUM('Turns'!E212,'Turns'!E227,'Turns'!E242,'Turns'!E257,'Turns'!E269),"Unknown") -> 0.0060158381 | Z78: =IF(COUNT('Turns'!F212,'Turns'!F227,'Turns'!F242,'Turns'!F257,'Turns'!F269)=5,SUM('Turns'!F212,'Turns'!F227,'Turns'!F242,'Turns'!F257,'Turns'!F269),"Unknown") -> 0.0068382 | AA78: =IF(ISNUMBER(Y78),ROUND(Y78*'Reference data'!$B$2,0),"Unknown") -> 602 | AB78: =IF(ISNUMBER(Z78),ROUND(Z78*'Reference data'!$B$2,0),"Unknown") -> 684 | AD78: 48.013 | AE78: Subtree total
A79: planner | B79: 3 | C79: workflow | E79: ok | G79: Execute the planner workflow operation and pass its result to the next graph step. | H79: 01a11680-bb4c-7e90-b39a-4c2b36792070 | I79: 01a11680-bb4c-7e90-b39a-4c1fdab5de86 | J79: =IF(COUNT('Turns'!D201,'Turns'!D218,'Turns'!D233,'Turns'!D247,'Turns'!D260)=5,SUM('Turns'!D201,'Turns'!D218,'Turns'!D233,'Turns'!D247,'Turns'!D260),"Unknown") -> 31965 | K79: =IF(COUNT('Turns'!E201,'Turns'!E218,'Turns'!E233,'Turns'!E247,'Turns'!E260)=5,SUM('Turns'!E201,'Turns'!E218,'Turns'!E233,'Turns'!E247,'Turns'!E260),"Unknown") -> 0.0056241778 | L79: =IF(COUNT('Turns'!F201,'Turns'!F218,'Turns'!F233,'Turns'!F247,'Turns'!F260)=5,SUM('Turns'!F201,'Turns'!F218,'Turns'!F233,'Turns'!F247,'Turns'!F260),"Unknown") -> 0.006393 | M79: =IF(COUNT('Turns'!D217,'Turns'!D232,'Turns'!D259)=3,SUM('Turns'!D217,'Turns'!D232,'Turns'!D259),"Unknown") -> 0 | N79: =IF(COUNT('Turns'!E217,'Turns'!E232,'Turns'!E259)=3,SUM('Turns'!E217,'Turns'!E232,'Turns'!E259),"Unknown") -> 0 | O79: =IF(COUNT('Turns'!F217,'Turns'!F232,'Turns'!F259)=3,SUM('Turns'!F217,'Turns'!F232,'Turns'!F259),"Unknown") -> 0 | P79: 0 | Q79: 0 | R79: 0 | S79: =IF(COUNT('Turns'!D208,'Turns'!D223,'Turns'!D238,'Turns'!D253,'Turns'!D265)=5,SUM('Turns'!D208,'Turns'!D223,'Turns'!D238,'Turns'!D253,'Turns'!D265),"Unknown") -> 371 | T79: =IF(COUNT('Turns'!E208,'Turns'!E223,'Turns'!E238,'Turns'!E253,'Turns'!E265)=5,SUM('Turns'!E208,'Turns'!E223,'Turns'!E238,'Turns'!E253,'Turns'!E265),"Unknown") -> 0.00039166025 | U79: =IF(COUNT('Turns'!F208,'Turns'!F223,'Turns'!F238,'Turns'!F253,'Turns'!F265)=5,SUM('Turns'!F208,'Turns'!F223,'Turns'!F238,'Turns'!F253,'Turns'!F265),"Unknown") -> 0.0004452 | V79: 0 | W79: 0 | X79: 0 | Y79: =IF(COUNT('Turns'!E212,'Turns'!E227,'Turns'!E242,'Turns'!E257,'Turns'!E269)=5,SUM('Turns'!E212,'Turns'!E227,'Turns'!E242,'Turns'!E257,'Turns'!E269),"Unknown") -> 0.0060158381 | Z79: =IF(COUNT('Turns'!F212,'Turns'!F227,'Turns'!F242,'Turns'!F257,'Turns'!F269)=5,SUM('Turns'!F212,'Turns'!F227,'Turns'!F242,'Turns'!F257,'Turns'!F269),"Unknown") -> 0.0068382 | AA79: =IF(ISNUMBER(Y79),ROUND(Y79*'Reference data'!$B$2,0),"Unknown") -> 602 | AB79: =IF(ISNUMBER(Z79),ROUND(Z79*'Reference data'!$B$2,0),"Unknown") -> 684 | AD79: 47.252 | AE79: Subtree total
A80: SummarizationMiddleware.before_model | B80: 4 | C80: workflow | E80: ok | G80: Execute the SummarizationMiddleware.before_model workflow operation and pass its result to the next graph step. | H80: 01a11680-bb4d-72d3-bdc3-94a092556be3 | I80: 01a11680-bb4c-7e90-b39a-4c2b36792070 | AD80: 0.745 | AE80: No model charge
A81: model | B81: 4 | C81: workflow | E81: ok | G81: Prepare the current conversation, run model middleware, and invoke the chat model. | H81: 01a11680-bb4e-7001-94e8-335aeaaeb511 | I81: 01a11680-bb4c-7e90-b39a-4c2b36792070 | J81: =IF(COUNT('Turns'!D201)=1,SUM('Turns'!D201),"Unknown") -> 7025 | K81: =IF(COUNT('Turns'!E201)=1,SUM('Turns'!E201),"Unknown") -> 0.0012360347 | L81: =IF(COUNT('Turns'!F201)=1,SUM('Turns'!F201),"Unknown") -> 0.001405 | M81: 0 | N81: 0 | O81: 0 | P81: 0 | Q81: 0 | R81: 0 | S81: =IF(COUNT('Turns'!D208)=1,SUM('Turns'!D208),"Unknown") -> 56 | T81: =IF(COUNT('Turns'!E208)=1,SUM('Turns'!E208),"Unknown") -> 5.9118528e-05 | U81: =IF(COUNT('Turns'!F208)=1,SUM('Turns'!F208),"Unknown") -> 6.72e-05 | V81: 0 | W81: 0 | X81: 0 | Y81: =IF(COUNT('Turns'!E212)=1,SUM('Turns'!E212),"Unknown") -> 0.0012951532 | Z81: =IF(COUNT('Turns'!F212)=1,SUM('Turns'!F212),"Unknown") -> 0.0014722 | AA81: =IF(ISNUMBER(Y81),ROUND(Y81*'Reference data'!$B$2,0),"Unknown") -> 130 | AB81: =IF(ISNUMBER(Z81),ROUND(Z81*'Reference data'!$B$2,0),"Unknown") -> 147 | AD81: 7.158 | AE81: Subtree total
A82: SimulatedModel | B82: 5 | C82: model | D82: scripted-chat | E82: ok | F82: 7025 | G82: Write and maintain the on-disk task plan. | H82: 01a11680-bb50-7e22-ac77-d069cfa149c0 | I82: 01a11680-bb4e-7001-94e8-335aeaaeb511 | J82: =IF(COUNT('Turns'!D201)=1,SUM('Turns'!D201),"Unknown") -> 7025 | K82: =IF(COUNT('Turns'!E201)=1,SUM('Turns'!E201),"Unknown") -> 0.0012360347 | L82: =IF(COUNT('Turns'!F201)=1,SUM('Turns'!F201),"Unknown") -> 0.001405 | M82: 0 | N82: 0 | O82: 0 | P82: 0 | Q82: 0 | R82: 0 | S82: =IF(COUNT('Turns'!D208)=1,SUM('Turns'!D208),"Unknown") -> 56 | T82: =IF(COUNT('Turns'!E208)=1,SUM('Turns'!E208),"Unknown") -> 5.9118528e-05 | U82: =IF(COUNT('Turns'!F208)=1,SUM('Turns'!F208),"Unknown") -> 6.72e-05 | V82: 0 | W82: 0 | X82: 0 | Y82: =IF(COUNT('Turns'!E212)=1,SUM('Turns'!E212),"Unknown") -> 0.0012951532 | Z82: =IF(COUNT('Turns'!F212)=1,SUM('Turns'!F212),"Unknown") -> 0.0014722 | AA82: =IF(ISNUMBER(Y82),ROUND(Y82*'Reference data'!$B$2,0),"Unknown") -> 130 | AB82: =IF(ISNUMBER(Z82),ROUND(Z82*'Reference data'!$B$2,0),"Unknown") -> 147 | AC82: R15 | AD82: 3.906 | AE82: Own call
A83: tools | B83: 4 | C83: workflow | E83: ok | G83: Execute tool calls requested by the preceding model response and return their observations. | H83: 01a11680-bb56-7180-b08d-2f19c769e8cf | I83: 01a11680-bb4c-7e90-b39a-4c2b36792070 | AD83: 1.821 | AE83: No model charge
A84: read_file | B84: 5 | C84: tool | E84: ok | G84: Reads a file from the filesystem. Assume any path the user provides is valid; reading a missing file returns an error. Usage: - By default, it reads up to 100 lines starting from the beginning of the file. Use `offset`/`limit` to page through large files instead of reading them whole. - A status header, `@@ field | field | ... @@`, sits above the file content, and every line after it is verbatim file content. When content is truncated, there may be an explanation before the header. Never include the header when editing. - Speculatively batch multiple `read_file` calls in one response when several files may be useful. - An empty file returns a system-reminder warning in place of contents. - Large tool results may be offloaded to a file; the tool message gives the path. Read that path here, paging with `offset`/`limit`. - Images (`.png`, `.jpg`, etc.), audio, video, and PDFs return multimodal content blocks (https://docs.langchain.com/oss/python/langchain/messages#multimodal). - For images and PDFs, pagination via `offset`/`limit` is text-only - supply `file_path` only - Always read a file before editing it. | H84: 01a11680-bb57-7f91-99e3-9e00495a4860 | I84: 01a11680-bb56-7180-b08d-2f19c769e8cf | AD84: 0.768 | AE84: No model charge
A85: SummarizationMiddleware.before_model | B85: 4 | C85: workflow | E85: ok | G85: Execute the SummarizationMiddleware.before_model workflow operation and pass its result to the next graph step. | H85: 01a11680-bb58-77e1-8cde-a5c8126fdfaa | I85: 01a11680-bb4c-7e90-b39a-4c2b36792070 | AD85: 0.702 | AE85: No model charge
A86: model | B86: 4 | C86: workflow | E86: ok | G86: Prepare the current conversation, run model middleware, and invoke the chat model. | H86: 01a11680-bb5a-7dd3-8cc0-cf696bc9a7d0 | I86: 01a11680-bb4c-7e90-b39a-4c2b36792070 | J86: =IF(COUNT('Turns'!D218)=1,SUM('Turns'!D218),"Unknown") -> 7832 | K86: =IF(COUNT('Turns'!E218)=1,SUM('Turns'!E218),"Unknown") -> 0.0013780247 | L86: =IF(COUNT('Turns'!F218)=1,SUM('Turns'!F218),"Unknown") -> 0.0015664 | M86: =IF(COUNT('Turns'!D217)=1,SUM('Turns'!D217),"Unknown") -> 0 | N86: =IF(COUNT('Turns'!E217)=1,SUM('Turns'!E217),"Unknown") -> 0 | O86: =IF(COUNT('Turns'!F217)=1,SUM('Turns'!F217),"Unknown") -> 0 | P86: 0 | Q86: 0 | R86: 0 | S86: =IF(COUNT('Turns'!D223)=1,SUM('Turns'!D223),"Unknown") -> 107 | T86: =IF(COUNT('Turns'!E223)=1,SUM('Turns'!E223),"Unknown") -> 0.00011295862 | U86: =IF(COUNT('Turns'!F223)=1,SUM('Turns'!F223),"Unknown") -> 0.0001284 | V86: 0 | W86: 0 | X86: 0 | Y86: =IF(COUNT('Turns'!E227)=1,SUM('Turns'!E227),"Unknown") -> 0.0014909834 | Z86: =IF(COUNT('Turns'!F227)=1,SUM('Turns'!F227),"Unknown") -> 0.0016948 | AA86: =IF(ISNUMBER(Y86),ROUND(Y86*'Reference data'!$B$2,0),"Unknown") -> 149 | AB86: =IF(ISNUMBER(Z86),ROUND(Z86*'Reference data'!$B$2,0),"Unknown") -> 169 | AD86: 6.073 | AE86: Subtree total
A87: SimulatedModel | B87: 5 | C87: model | D87: scripted-chat | E87: ok | F87: 7832 | G87: Write and maintain the on-disk task plan. | H87: 01a11680-bb5b-7520-86a0-42fd454bddca | I87: 01a11680-bb5a-7dd3-8cc0-cf696bc9a7d0 | J87: =IF(COUNT('Turns'!D218)=1,SUM('Turns'!D218),"Unknown") -> 7832 | K87: =IF(COUNT('Turns'!E218)=1,SUM('Turns'!E218),"Unknown") -> 0.0013780247 | L87: =IF(COUNT('Turns'!F218)=1,SUM('Turns'!F218),"Unknown") -> 0.0015664 | M87: =IF(COUNT('Turns'!D217)=1,SUM('Turns'!D217),"Unknown") -> 0 | N87: =IF(COUNT('Turns'!E217)=1,SUM('Turns'!E217),"Unknown") -> 0 | O87: =IF(COUNT('Turns'!F217)=1,SUM('Turns'!F217),"Unknown") -> 0 | P87: 0 | Q87: 0 | R87: 0 | S87: =IF(COUNT('Turns'!D223)=1,SUM('Turns'!D223),"Unknown") -> 107 | T87: =IF(COUNT('Turns'!E223)=1,SUM('Turns'!E223),"Unknown") -> 0.00011295862 | U87: =IF(COUNT('Turns'!F223)=1,SUM('Turns'!F223),"Unknown") -> 0.0001284 | V87: 0 | W87: 0 | X87: 0 | Y87: =IF(COUNT('Turns'!E227)=1,SUM('Turns'!E227),"Unknown") -> 0.0014909834 | Z87: =IF(COUNT('Turns'!F227)=1,SUM('Turns'!F227),"Unknown") -> 0.0016948 | AA87: =IF(ISNUMBER(Y87),ROUND(Y87*'Reference data'!$B$2,0),"Unknown") -> 149 | AB87: =IF(ISNUMBER(Z87),ROUND(Z87*'Reference data'!$B$2,0),"Unknown") -> 169 | AC87: R16 | AD87: 3.855 | AE87: Own call
A88: tools | B88: 4 | C88: workflow | E88: ok | G88: Execute tool calls requested by the preceding model response and return their observations. | H88: 01a11680-bb60-7230-a93e-c456d1783494 | I88: 01a11680-bb4c-7e90-b39a-4c2b36792070 | AD88: 2.085 | AE88: No model charge
A89: edit_file | B89: 5 | C89: tool | E89: ok | G89: Performs exact string replacements in files. Usage: - You must read the file before editing; this tool errors otherwise. - Preserve the exact source indentation from the read output, and never include the read status header in old_string or new_string. - Prefer editing an existing file over creating a new one. - Only use emojis if the user explicitly requests it. | H89: 01a11680-bb61-7851-a88e-2ee9ca100add | I89: 01a11680-bb60-7230-a93e-c456d1783494 | AD89: 0.97 | AE89: No model charge
A90: SummarizationMiddleware.before_model | B90: 4 | C90: workflow | E90: ok | G90: Execute the SummarizationMiddleware.before_model workflow operation and pass its result to the next graph step. | H90: 01a11680-bb63-7fe0-ab5c-270d949bc729 | I90: 01a11680-bb4c-7e90-b39a-4c2b36792070 | AD90: 0.832 | AE90: No model charge
A91: model | B91: 4 | C91: workflow | E91: ok | G91: Prepare the current conversation, run model middleware, and invoke the chat model. | H91: 01a11680-bb65-7121-9333-8398b4829987 | I91: 01a11680-bb4c-7e90-b39a-4c2b36792070 | J91: =IF(COUNT('Turns'!D233)=1,SUM('Turns'!D233),"Unknown") -> 7981 | K91: =IF(COUNT('Turns'!E233)=1,SUM('Turns'!E233),"Unknown") -> 0.001404241 | L91: =IF(COUNT('Turns'!F233)=1,SUM('Turns'!F233),"Unknown") -> 0.0015962 | M91: =IF(COUNT('Turns'!D232)=1,SUM('Turns'!D232),"Unknown") -> 0 | N91: =IF(COUNT('Turns'!E232)=1,SUM('Turns'!E232),"Unknown") -> 0 | O91: =IF(COUNT('Turns'!F232)=1,SUM('Turns'!F232),"Unknown") -> 0 | P91: 0 | Q91: 0 | R91: 0 | S91: =IF(COUNT('Turns'!D238)=1,SUM('Turns'!D238),"Unknown") -> 56 | T91: =IF(COUNT('Turns'!E238)=1,SUM('Turns'!E238),"Unknown") -> 5.9118528e-05 | U91: =IF(COUNT('Turns'!F238)=1,SUM('Turns'!F238),"Unknown") -> 6.72e-05 | V91: 0 | W91: 0 | X91: 0 | Y91: =IF(COUNT('Turns'!E242)=1,SUM('Turns'!E242),"Unknown") -> 0.0014633595 | Z91: =IF(COUNT('Turns'!F242)=1,SUM('Turns'!F242),"Unknown") -> 0.0016634 | AA91: =IF(ISNUMBER(Y91),ROUND(Y91*'Reference data'!$B$2,0),"Unknown") -> 146 | AB91: =IF(ISNUMBER(Z91),ROUND(Z91*'Reference data'!$B$2,0),"Unknown") -> 166 | AD91: 6.31 | AE91: Subtree total
A92: SimulatedModel | B92: 5 | C92: model | D92: scripted-chat | E92: ok | F92: 7981 | G92: Write and maintain the on-disk task plan. | H92: 01a11680-bb66-7c13-a6de-6be505cb2be9 | I92: 01a11680-bb65-7121-9333-8398b4829987 | J92: =IF(COUNT('Turns'!D233)=1,SUM('Turns'!D233),"Unknown") -> 7981 | K92: =IF(COUNT('Turns'!E233)=1,SUM('Turns'!E233),"Unknown") -> 0.001404241 | L92: =IF(COUNT('Turns'!F233)=1,SUM('Turns'!F233),"Unknown") -> 0.0015962 | M92: =IF(COUNT('Turns'!D232)=1,SUM('Turns'!D232),"Unknown") -> 0 | N92: =IF(COUNT('Turns'!E232)=1,SUM('Turns'!E232),"Unknown") -> 0 | O92: =IF(COUNT('Turns'!F232)=1,SUM('Turns'!F232),"Unknown") -> 0 | P92: 0 | Q92: 0 | R92: 0 | S92: =IF(COUNT('Turns'!D238)=1,SUM('Turns'!D238),"Unknown") -> 56 | T92: =IF(COUNT('Turns'!E238)=1,SUM('Turns'!E238),"Unknown") -> 5.9118528e-05 | U92: =IF(COUNT('Turns'!F238)=1,SUM('Turns'!F238),"Unknown") -> 6.72e-05 | V92: 0 | W92: 0 | X92: 0 | Y92: =IF(COUNT('Turns'!E242)=1,SUM('Turns'!E242),"Unknown") -> 0.0014633595 | Z92: =IF(COUNT('Turns'!F242)=1,SUM('Turns'!F242),"Unknown") -> 0.0016634 | AA92: =IF(ISNUMBER(Y92),ROUND(Y92*'Reference data'!$B$2,0),"Unknown") -> 146 | AB92: =IF(ISNUMBER(Z92),ROUND(Z92*'Reference data'!$B$2,0),"Unknown") -> 166 | AC92: R17 | AD92: 3.906 | AE92: Own call
A93: tools | B93: 4 | C93: workflow | E93: ok | G93: Execute tool calls requested by the preceding model response and return their observations. | H93: 01a11680-bb6b-7202-940c-4987cfa4f1b6 | I93: 01a11680-bb4c-7e90-b39a-4c2b36792070 | AD93: 4.142 | AE93: No model charge
A94: read_file | B94: 5 | C94: tool | E94: ok | G94: Reads a file from the filesystem. Assume any path the user provides is valid; reading a missing file returns an error. Usage: - By default, it reads up to 100 lines starting from the beginning of the file. Use `offset`/`limit` to page through large files instead of reading them whole. - A status header, `@@ field | field | ... @@`, sits above the file content, and every line after it is verbatim file content. When content is truncated, there may be an explanation before the header. Never include the header when editing. - Speculatively batch multiple `read_file` calls in one response when several files may be useful. - An empty file returns a system-reminder warning in place of contents. - Large tool results may be offloaded to a file; the tool message gives the path. Read that path here, paging with `offset`/`limit`. - Images (`.png`, `.jpg`, etc.), audio, video, and PDFs return multimodal content blocks (https://docs.langchain.com/oss/python/langchain/messages#multimodal). - For images and PDFs, pagination via `offset`/`limit` is text-only - supply `file_path` only - Always read a file before editing it. | H94: 01a11680-bb6c-74e0-872e-6b8c0d60d71a | I94: 01a11680-bb6b-7202-940c-4987cfa4f1b6 | AD94: 2.88 | AE94: No model charge
A95: SummarizationMiddleware.before_model | B95: 4 | C95: workflow | E95: ok | G95: Compaction completed | Context before: 9,034 tokens | History after: 3,943 tokens | Trigger: 8,500 context tokens | Retention target: 900 tokens | H95: 01a11680-bb70-73b0-b7c7-cd3d6da4cd57 | I95: 01a11680-bb4c-7e90-b39a-4c2b36792070 | J95: =IF(COUNT('Turns'!D247)=1,SUM('Turns'!D247),"Unknown") -> 5808 | K95: =IF(COUNT('Turns'!E247)=1,SUM('Turns'!E247),"Unknown") -> 0.001021906 | L95: =IF(COUNT('Turns'!F247)=1,SUM('Turns'!F247),"Unknown") -> 0.0011616 | M95: 0 | N95: 0 | O95: 0 | P95: 0 | Q95: 0 | R95: 0 | S95: =IF(COUNT('Turns'!D253)=1,SUM('Turns'!D253),"Unknown") -> 74 | T95: =IF(COUNT('Turns'!E253)=1,SUM('Turns'!E253),"Unknown") -> 7.8120912e-05 | U95: =IF(COUNT('Turns'!F253)=1,SUM('Turns'!F253),"Unknown") -> 8.88e-05 | V95: 0 | W95: 0 | X95: 0 | Y95: =IF(COUNT('Turns'!E257)=1,SUM('Turns'!E257),"Unknown") -> 0.0011000269 | Z95: =IF(COUNT('Turns'!F257)=1,SUM('Turns'!F257),"Unknown") -> 0.0012504 | AA95: =IF(ISNUMBER(Y95),ROUND(Y95*'Reference data'!$B$2,0),"Unknown") -> 110 | AB95: =IF(ISNUMBER(Z95),ROUND(Z95*'Reference data'!$B$2,0),"Unknown") -> 125 | AD95: 5.495 | AE95: Subtree total
A96: context_summarizer | B96: 5 | C96: workflow | E96: ok | G96: Execute the context_summarizer workflow operation and pass its result to the next graph step. | H96: 01a11680-bb71-7a42-ae68-31d41efa616a | I96: 01a11680-bb70-73b0-b7c7-cd3d6da4cd57 | J96: =IF(COUNT('Turns'!D247)=1,SUM('Turns'!D247),"Unknown") -> 5808 | K96: =IF(COUNT('Turns'!E247)=1,SUM('Turns'!E247),"Unknown") -> 0.001021906 | L96: =IF(COUNT('Turns'!F247)=1,SUM('Turns'!F247),"Unknown") -> 0.0011616 | M96: 0 | N96: 0 | O96: 0 | P96: 0 | Q96: 0 | R96: 0 | S96: =IF(COUNT('Turns'!D253)=1,SUM('Turns'!D253),"Unknown") -> 74 | T96: =IF(COUNT('Turns'!E253)=1,SUM('Turns'!E253),"Unknown") -> 7.8120912e-05 | U96: =IF(COUNT('Turns'!F253)=1,SUM('Turns'!F253),"Unknown") -> 8.88e-05 | V96: 0 | W96: 0 | X96: 0 | Y96: =IF(COUNT('Turns'!E257)=1,SUM('Turns'!E257),"Unknown") -> 0.0011000269 | Z96: =IF(COUNT('Turns'!F257)=1,SUM('Turns'!F257),"Unknown") -> 0.0012504 | AA96: =IF(ISNUMBER(Y96),ROUND(Y96*'Reference data'!$B$2,0),"Unknown") -> 110 | AB96: =IF(ISNUMBER(Z96),ROUND(Z96*'Reference data'!$B$2,0),"Unknown") -> 125 | AD96: 3.88 | AE96: Subtree total
A97: context_summarizer | B97: 6 | C97: model | D97: scripted-chat | E97: ok | F97: 5808 | G97: Summarize main context. | H97: 01a11680-bb72-7411-92f9-fb454cb60930 | I97: 01a11680-bb71-7a42-ae68-31d41efa616a | J97: =IF(COUNT('Turns'!D247)=1,SUM('Turns'!D247),"Unknown") -> 5808 | K97: =IF(COUNT('Turns'!E247)=1,SUM('Turns'!E247),"Unknown") -> 0.001021906 | L97: =IF(COUNT('Turns'!F247)=1,SUM('Turns'!F247),"Unknown") -> 0.0011616 | M97: 0 | N97: 0 | O97: 0 | P97: 0 | Q97: 0 | R97: 0 | S97: =IF(COUNT('Turns'!D253)=1,SUM('Turns'!D253),"Unknown") -> 74 | T97: =IF(COUNT('Turns'!E253)=1,SUM('Turns'!E253),"Unknown") -> 7.8120912e-05 | U97: =IF(COUNT('Turns'!F253)=1,SUM('Turns'!F253),"Unknown") -> 8.88e-05 | V97: 0 | W97: 0 | X97: 0 | Y97: =IF(COUNT('Turns'!E257)=1,SUM('Turns'!E257),"Unknown") -> 0.0011000269 | Z97: =IF(COUNT('Turns'!F257)=1,SUM('Turns'!F257),"Unknown") -> 0.0012504 | AA97: =IF(ISNUMBER(Y97),ROUND(Y97*'Reference data'!$B$2,0),"Unknown") -> 110 | AB97: =IF(ISNUMBER(Z97),ROUND(Z97*'Reference data'!$B$2,0),"Unknown") -> 125 | AC97: R18 | AD97: 2.637 | AE97: Own call
A98: model | B98: 4 | C98: workflow | E98: ok | G98: Prepare the current conversation, run model middleware, and invoke the chat model. | H98: 01a11680-bb76-71d2-b07e-9ec9df5c10af | I98: 01a11680-bb4c-7e90-b39a-4c2b36792070 | J98: =IF(COUNT('Turns'!D260)=1,SUM('Turns'!D260),"Unknown") -> 3319 | K98: =IF(COUNT('Turns'!E260)=1,SUM('Turns'!E260),"Unknown") -> 0.00058397141 | L98: =IF(COUNT('Turns'!F260)=1,SUM('Turns'!F260),"Unknown") -> 0.0006638 | M98: =IF(COUNT('Turns'!D259)=1,SUM('Turns'!D259),"Unknown") -> 0 | N98: =IF(COUNT('Turns'!E259)=1,SUM('Turns'!E259),"Unknown") -> 0 | O98: =IF(COUNT('Turns'!F259)=1,SUM('Turns'!F259),"Unknown") -> 0 | P98: 0 | Q98: 0 | R98: 0 | S98: =IF(COUNT('Turns'!D265)=1,SUM('Turns'!D265),"Unknown") -> 78 | T98: =IF(COUNT('Turns'!E265)=1,SUM('Turns'!E265),"Unknown") -> 8.2343664e-05 | U98: =IF(COUNT('Turns'!F265)=1,SUM('Turns'!F265),"Unknown") -> 9.36e-05 | V98: 0 | W98: 0 | X98: 0 | Y98: =IF(COUNT('Turns'!E269)=1,SUM('Turns'!E269),"Unknown") -> 0.00066631508 | Z98: =IF(COUNT('Turns'!F269)=1,SUM('Turns'!F269),"Unknown") -> 0.0007574 | AA98: =IF(ISNUMBER(Y98),ROUND(Y98*'Reference data'!$B$2,0),"Unknown") -> 67 | AB98: =IF(ISNUMBER(Z98),ROUND(Z98*'Reference data'!$B$2,0),"Unknown") -> 76 | AD98: 4.226 | AE98: Subtree total
A99: SimulatedModel | B99: 5 | C99: model | D99: scripted-chat | E99: ok | F99: 3319 | G99: Write and maintain the on-disk task plan. | H99: 01a11680-bb77-7703-a496-42c30af6722e | I99: 01a11680-bb76-71d2-b07e-9ec9df5c10af | J99: =IF(COUNT('Turns'!D260)=1,SUM('Turns'!D260),"Unknown") -> 3319 | K99: =IF(COUNT('Turns'!E260)=1,SUM('Turns'!E260),"Unknown") -> 0.00058397141 | L99: =IF(COUNT('Turns'!F260)=1,SUM('Turns'!F260),"Unknown") -> 0.0006638 | M99: =IF(COUNT('Turns'!D259)=1,SUM('Turns'!D259),"Unknown") -> 0 | N99: =IF(COUNT('Turns'!E259)=1,SUM('Turns'!E259),"Unknown") -> 0 | O99: =IF(COUNT('Turns'!F259)=1,SUM('Turns'!F259),"Unknown") -> 0 | P99: 0 | Q99: 0 | R99: 0 | S99: =IF(COUNT('Turns'!D265)=1,SUM('Turns'!D265),"Unknown") -> 78 | T99: =IF(COUNT('Turns'!E265)=1,SUM('Turns'!E265),"Unknown") -> 8.2343664e-05 | U99: =IF(COUNT('Turns'!F265)=1,SUM('Turns'!F265),"Unknown") -> 9.36e-05 | V99: 0 | W99: 0 | X99: 0 | Y99: =IF(COUNT('Turns'!E269)=1,SUM('Turns'!E269),"Unknown") -> 0.00066631508 | Z99: =IF(COUNT('Turns'!F269)=1,SUM('Turns'!F269),"Unknown") -> 0.0007574 | AA99: =IF(ISNUMBER(Y99),ROUND(Y99*'Reference data'!$B$2,0),"Unknown") -> 67 | AB99: =IF(ISNUMBER(Z99),ROUND(Z99*'Reference data'!$B$2,0),"Unknown") -> 76 | AC99: R19 | AD99: 2.332 | AE99: Own call
A100: dispatch | B100: 2 | C100: workflow | E100: ok | G100: Execute the dispatch workflow operation and pass its result to the next graph step. | H100: 01a11680-bb7c-74e2-9fad-e0ae23e3d1e1 | I100: 01a11680-bb4b-7100-8859-9f51dd47f5b9 | AD100: 0.235 | AE100: No model charge
...

Sheet Reference data
A1: Parameter | B1: Value | C1: Unit
A2: Number of executions | B2: 100000 | C2: executions
A3: USD → EUR | B3: 0.87974 | C3: EUR per USD
A4: Cache duration | B4: 5m
A5: Run ID | B5: 01a11680-ba1e-7011-aaec-e09a34196f5c
A6: Recording | B6: Offline simulation
A7: FX reference date | B7: 2026-09-24
A8: FX fetched at | B8: 2026-09-24T22:21:31.719587Z | C8: UTC
A9: FX source | B9: https://api.frankfurter.dev/v2/rate/usd/eur?providers=ecb
A10: Rounding | B10: Only projected costs: ROUND(cost × executions, 0)
A11: Tree totals | B11: Parent rows include descendants; do not sum all tree rows.
A12: Cache writes | B12: Simulated context movement is not a provider-billed write.
A13: Pricing scope | B13: Published online token rates verified 2026-10-05. Copilot uses GitHub rates, including saved long-context tiers, before plan allowances; these are usage estimates, not subscription invoices. Cache writes with unspecified lifetime use the 5-minute rate unless an explicit cache_write rate is configured. Direct OpenAI and Anthropic entries use standard rates; no batch, regional, tool, negotiated, or unrecorded context-tier adjustments are applied. Model availability and context capacity require separate verification.
A15: Model | B15: Input USD / 1M tokens | C15: Cache read USD / 1M tokens | D15: Cache write USD / 1M tokens | E15: Output USD / 1M tokens | F15: Reasoning USD / 1M tokens | G15: Verified date | H15: Source | I15: Notes
A16: openai:gpt-5.5 | B16: 5 | C16: 0.5 | D16: Unknown | E16: 30 | F16: 30 | G16: 2026-10-05 | H16: https://developers.openai.com/api/docs/models/gpt-5.5.md | I16: Cache write assumes 5m when unspecified
A17: openai:gpt-5.6-luna | B17: 0.2 | C17: 0.02 | D17: 0.25 | E17: 1.2 | F17: 1.2 | G17: 2026-10-05 | H17: https://developers.openai.com/api/docs/models/gpt-5.6-luna.md | I17: Cache write assumes 5m when unspecified
A18: openai:gpt-5.6-sol | B18: 4 | C18: 0.4 | D18: 5 | E18: 20 | F18: 20 | G18: 2026-10-05 | H18: https://developers.openai.com/api/docs/models/gpt-5.6-sol.md | I18: Cache write assumes 5m when unspecified
A19: anthropic:claude-sonnet-5 | B19: 2 | C19: 0.2 | D19: 2.5 | E19: 10 | F19: 10 | G19: 2026-10-05 | H19: https://platform.claude.com/docs/en/about-claude/pricing | I19: Cache write assumes 5m when unspecified
A20: anthropic:claude-opus-4-8 | B20: 5 | C20: 0.5 | D20: 6.25 | E20: 25 | F20: 25 | G20: 2026-10-05 | H20: https://platform.claude.com/docs/en/about-claude/pricing | I20: Cache write assumes 5m when unspecified
A21: anthropic:claude-fable-5-1 | B21: 10 | C21: 0.25 | D21: 12.5 | E21: 50 | F21: 50 | G21: 2026-10-05 | H21: https://platform.claude.com/docs/en/about-claude/pricing | I21: Cache write assumes 5m when unspecified
A22: demo:scripted-chat | B22: 0.2 | C22: 0.02 | D22: 0.25 | E22: 1.2 | F22: 1.2 | G22: 2026-10-05 | H22: Illustrative demo rates based on openai:gpt-5.6-luna; no provider billing | I22: Cache write assumes 5m when unspecified
A23: anthropic:claude-haiku-4-5 | B23: 1 | C23: 0.1 | D23: 1.25 | E23: 5 | F23: 5 | G23: 2026-10-05 | H23: https://platform.claude.com/docs/en/about-claude/pricing | I23: Cache write assumes 5m when unspecified
A24: anthropic:claude-haiku-4-5-20251001 | B24: 1 | C24: 0.1 | D24: 1.25 | E24: 5 | F24: 5 | G24: 2026-10-05 | H24: https://platform.claude.com/docs/en/about-claude/pricing | I24: Cache write assumes 5m when unspecified
A25: anthropic:claude-opus-5-5 | B25: 4 | C25: 0.2 | D25: 5 | E25: 20 | F25: 20 | G25: 2026-10-05 | H25: https://platform.claude.com/docs/en/about-claude/pricing | I25: Cache write assumes 5m when unspecified
A26: anthropic:claude-sonnet-4-6 | B26: 3 | C26: 0.3 | D26: 3.75 | E26: 15 | F26: 15 | G26: 2026-10-05 | H26: https://platform.claude.com/docs/en/about-claude/pricing | I26: Cache write assumes 5m when unspecified
A27: anthropic:claude-sonnet-5-5 | B27: 2 | C27: 0.2 | D27: 2.5 | E27: 10 | F27: 10 | G27: 2026-10-05 | H27: https://platform.claude.com/docs/en/about-claude/pricing | I27: Cache write assumes 5m when unspecified
A28: copilot:claude-haiku-4.5 | B28: 1 | C28: 0.1 | D28: 1.25 | E28: 5 | F28: 5 | G28: 2026-10-05 | H28: https://docs.github.com/en/copilot/reference/copilot-billing/models-and-pricing | I28: Cache write assumes 5m when unspecified
... A31: copilot:claude-sonnet-5.5 | B31: 2 | C31: 0.2 | D31: 2.5 | E31: 10 | F31: 10 | G31: 2026-10-05 | H31: https://docs.github.com/en/copilot/reference/copilot-billing/models-and-pricing | I31: Cache write assumes 5m when unspecified
A32: copilot:gemini-3.8-flash | B32: 0.75 | C32: 0.075 | D32: Unknown | E32: 3.75 | F32: 3.75 | G32: 2026-10-05 | H32: https://docs.github.com/en/copilot/reference/copilot-billing/models-and-pricing | I32: Cache write assumes 5m when unspecified
A33: copilot:gpt-5.3-codex | B33: 1.75 | C33: 0.175 | D33: Unknown | E33: 14 | F33: 14 | G33: 2026-10-05 | H33: https://docs.github.com/en/copilot/reference/copilot-billing/models-and-pricing | I33: Cache write assumes 5m when unspecified
A34: copilot:gpt-5.4 | B34: 2.5 | C34: 0.25 | D34: Unknown | E34: 15 | F34: 15 | G34: 2026-10-05 | H34: https://docs.github.com/en/copilot/reference/copilot-billing/models-and-pricing | I34: Cache write assumes 5m when unspecified
A35: copilot:gpt-6-astra | B35: 10 | C35: 1 | D35: 12.5 | E35: 50 | F35: 50 | G35: 2026-10-05 | H35: https://docs.github.com/en/copilot/reference/copilot-billing/models-and-pricing | I35: Cache write assumes 5m when unspecified
A36: copilot:gpt-6-luna | B36: 0.1 | C36: 0.01 | D36: 0.125 | E36: 0.5 | F36: 0.5 | G36: 2026-10-05 | H36: https://docs.github.com/en/copilot/reference/copilot-billing/models-and-pricing | I36: Cache write assumes 5m when unspecified
A37: copilot:gpt-6-sol | B37: 2 | C37: 0.2 | D37: 2.5 | E37: 10 | F37: 10 | G37: 2026-10-05 | H37: https://docs.github.com/en/copilot/reference/copilot-billing/models-and-pricing | I37: Cache write assumes 5m when unspecified
A38: copilot:gpt-6.1-sol | B38: 2 | C38: 0.1 | D38: 2.5 | E38: 10 | F38: 10 | G38: 2026-10-05 | H38: https://docs.github.com/en/copilot/reference/copilot-billing/models-and-pricing | I38: Cache write assumes 5m when unspecified
A39: openai:gpt-6-astra | B39: 10 | C39: 1 | D39: 12.5 | E39: 50 | F39: 50 | G39: 2026-10-05 | H39: https://developers.openai.com/api/docs/models/gpt-6-astra.md | I39: Cache write assumes 5m when unspecified
A40: openai:gpt-6-luna | B40: 0.1 | C40: 0.01 | D40: 0.125 | E40: 0.5 | F40: 0.5 | G40: 2026-10-05 | H40: https://developers.openai.com/api/docs/models/gpt-6-luna.md | I40: Cache write assumes 5m when unspecified
A41: openai:gpt-6-sol | B41: 2 | C41: 0.2 | D41: 2.5 | E41: 10 | F41: 10 | G41: 2026-10-05 | H41: https://developers.openai.com/api/docs/models/gpt-6-sol.md | I41: Cache write assumes 5m when unspecified
A42: openai:gpt-6.1-sol | B42: 2 | C42: 0.1 | D42: 2.5 | E42: 10 | F42: 10 | G42: 2026-10-05 | H42: https://developers.openai.com/api/docs/models/gpt-6.1-sol.md | I42: Cache write assumes 5m when unspecified
A43: copilot:gpt-5.4 [long context] | B43: 5 | C43: 0.5 | D43: Unknown | E43: 22.5 | F43: 22.5 | G43: 2026-10-05 | H43: https://docs.github.com/en/copilot/reference/copilot-billing/models-and-pricing | I43: Above 272,000 input tokens
A44: copilot:gpt-6-astra [long context] | B44: 20 | C44: 2 | D44: 25 | E44: 75 | F44: 75 | G44: 2026-10-05 | H44: https://docs.github.com/en/copilot/reference/copilot-billing/models-and-pricing | I44: Above 272,000 input tokens
A45: copilot:gpt-6-luna [long context] | B45: 0.2 | C45: 0.02 | D45: 0.25 | E45: 0.75 | F45: 0.75 | G45: 2026-10-05 | H45: https://docs.github.com/en/copilot/reference/copilot-billing/models-and-pricing | I45: Above 272,000 input tokens
A46: copilot:gpt-6-sol [long context] | B46: 4 | C46: 0.4 | D46: 5 | E46: 15 | F46: 15 | G46: 2026-10-05 | H46: https://docs.github.com/en/copilot/reference/copilot-billing/models-and-pricing | I46: Above 272,000 input tokens
A47: copilot:gpt-6.1-sol [long context] | B47: 4 | C47: 0.2 | D47: 5 | E47: 15 | F47: 15 | G47: 2026-10-05 | H47: https://docs.github.com/en/copilot/reference/copilot-billing/models-and-pricing | I47: Above 272,000 input tokens
